stn_code,stn_name,altitude,Longitude,Latitude,city,address,data_start_date,stn_end_date,comment,orig_stn_code,new_stn_code
466850,五分山雷達站,756.0,121.781205,25.071182,新北市,瑞芳區靜安路四段1巷1號,1998/07/01,,本站只有雷達觀測資料。,,
466880,板橋,9.7,121.44201699999999,24.997647,新北市,板橋區大觀路二段265巷62號,1972/03/01,,原為探空站，自2002年開始進行氣象觀測。因受附近興建合宜住宅影響，日照觀測自民國104年起受大樓陰影遮蔽而影響觀測資料，影響時間為10月至隔年3月之7時至11時，4月至9月之7時至8時。,,
466900,淡水,19.0,121.44890600000001,25.164889000000002,新北市,淡水區中正東路42巷6號,1942/01/01,,,,
466910,鞍部,837.6,121.52973100000001,25.182585999999997,臺北市,北投區陽明山竹子湖路111號,1937/01/01,,,,
466920,臺北,5.3,121.514853,25.037658,臺北市,中正區公園路64號,1896/01/01,,2014至2015氣候年報之氣壓計海面上高度應為30.3m(2014/10/25搬遷，6.6m->30.3m),,
466930,竹子湖,607.1,121.544547,25.162078,臺北市,北投區陽明山竹子湖路2號,1937/01/01,,,,
466940,基隆,26.7,121.740475,25.133314000000002,基隆市,仁愛區港西街6號6樓(海港大樓6樓),1946/01/01,,,,
466950,彭佳嶼,101.7,122.07974399999999,25.627975,基隆市,中正區彭佳嶼,1910/01/01,,,,
466990,花蓮,16.1,121.613275,23.975128,花蓮縣,花蓮市花崗街24號,1910/01/01,,,,
467050,新屋,20.6,121.047486,25.006744,桃園市,新屋區東興路二段946號,2013/07/01,,座標及高度於2013/10/09更正。2020/01/01至2020/02/15因施工部分觀測資料缺值。,,
467060,蘇澳,24.9,121.857372,24.596736,宜蘭縣,蘇澳鎮港區路1號6樓(蘇澳港行政大樓6樓),1981/07/01,,1981/12/1開始觀測。,,
467080,宜蘭,7.2,121.756528,24.763975,宜蘭縣,宜蘭市力行路150號,1935/01/01,,,,
467110,金門,47.9,118.289281,24.407306,金門縣,金城鎮金水里西海路一段250號,2004/01/01,,,,
467270,田中,48.6,120.58134799999999,23.873776,彰化縣,田中鎮中潭里4鄰高鐵三路1段167號,2020/04/10,,,,
467300,東吉島,43.0,119.66746699999999,23.25695,澎湖縣,望安鄉東吉村156號,1962/01/01,,,,
467350,澎湖,10.7,119.56309399999999,23.565503,澎湖縣,馬公市新興路2號,1896/01/01,,,,
467410,臺南,40.8,120.20477199999999,22.993239000000003,臺南市,中西區公園路21號,1897/01/01,,1998/05停止觀測，2002/01恢復觀測。2002年至2006年氣候年報之風速儀地上高度應為53.7m。,,
467420,永康,8.1,120.2367,23.038386,臺南市,永康區鹽行里正南五街520巷88號,1941/06/01,,,,
467440,高雄,2.3,120.31573300000001,22.565992,高雄市,前鎮區明孝里26鄰漁港南二路2號,1931/01/01,,,,
467480,嘉義,26.9,120.432906,23.495925,嘉義市,西區北新里海口寮路56號,1968/09/01,,,,
467490,臺中,84.0,120.684075,24.145736,臺中市,北區精武路295號,1896/01/01,,2000年至2006年氣候年報之海拔高度誤植為34m。,,
467530,阿里山,2413.4,120.81324199999999,23.508208,嘉義縣,阿里山鄉中正村4鄰東阿里山73-1號,1933/01/01,,,,
467540,大武,8.1,120.90378899999999,22.355675,臺東縣,大武鄉大武街115號,1939/01/01,,,,
467550,玉山,3844.8,120.95952199999999,23.487614,南投縣,信義鄉玉山北峰1號,1943/01/01,,,,
467571,新竹,26.9,121.014219,24.827853,新竹縣,竹北市北崙里3鄰光明五街60號,1991/07/01,,,,
467590,恆春,22.3,120.74633899999999,22.003897,屏東縣,恆春鎮天文路50號,1896/01/01,,,,
467610,成功,33.5,121.373428,23.097486,臺東縣,成功鎮公民路84號,1940/01/01,,,,
467620,蘭嶼,324.0,121.55833899999999,22.036969,臺東縣,蘭嶼鄉紅頭村2號,1940/01/01,,,,
467650,日月潭,1017.5,120.90805,23.881325,南投縣,魚池鄉水社村中山路270巷14號,1940/01/01,,,,
467660,臺東,9.0,121.15458600000001,22.752211,臺東縣,臺東市大同路106號,1901/01/01,,,,
467770,梧棲,31.7,120.523381,24.256003,臺中市,梧棲區臺灣大道十段2號海港大樓6樓,1976/11/01,,於2020/1/1起，由人工觀測作業改為自動觀測。,,
467790,墾丁雷達站,42.0,120.80802800000001,21.948235,屏東縣,恆春鎮燈塔路51巷33號,2001/11/01,,本站只有雷達觀測資料。,,
467990,馬祖,97.8,119.923419,26.169269,連江縣,南竿鄉四維村6鄰88號,2004/01/01,,,,
C0A520,山佳,48.0,121.40200800000001,24.974944,新北市,樹林區中山路3段5號(山佳國民小學校園內),1987/05/01,,,,
C0A530,坪林,300.0,121.709378,24.938203,新北市,坪林區,1987/05/01,,,,
C0A540,四堵,401.0,121.74589399999999,24.892761,新北市,坪林區碧湖(北宜路旁之碧湖橋道路上行約10分鐘),1987/05/01,,,,
C0A550,泰平,422.0,121.82371100000002,24.971197,新北市,雙溪區泰平里8鄰大平路43號(泰平國小分校附近),1987/05/01,,,,
C0A560,福山,405.0,121.50281100000001,24.776203,新北市,烏來區福山里李茂岸八號(福山國小旁),1987/05/01,,,,
C0A570,桶後,360.0,121.59799199999999,24.848222,新北市,烏來區后桶街49號孝義里5-6k處路旁,1987/05/01,,,,
C0A640,石碇,241.0,121.662931,24.993858,新北市,石碇區湳窟34號附近,2009/12/01,,原(C1A640)站因擴充為氣象站，於2009/12/1升級為(C0A640)站。,C1A640,
C0A650,火燒寮,287.0,121.742892,25.002719,新北市,平溪區東勢里,2009/12/01,,原(C1A650)站因擴充為氣象站，於2009/12/1升級為(C0A650)站。,C1A650,
C0A660,瑞芳,97.0,121.801147,25.113169,新北市,瑞芳區22403龍山里逢甲路360號(義方國民小學校園內),2009/12/01,,原(C1A660)站因擴充為氣象站，於2009/12/1升級為(C0A660)站。,C1A660,
C0A860,大坪,362.0,121.63296899999999,25.165914,新北市,萬里區溪底里香員林6-3號,1993/06/04,,,,
C0A870,五指山,685.0,121.60869199999999,25.132153,新北市,汐止區國軍示範公墓旁之復興廣播電台門口外,1993/08/20,,,,
C0A880,福隆,6.0,121.94208300000001,25.017842,新北市,貢寮區東北角海岸國家風景管理處之福隆遊客中心後方,1993/06/30,,,,
C0A890,雙溪,40.0,121.86424199999999,25.036003,新北市,雙溪區雙溪里社區活動中心旁花圃內,1993/06/30,,,,
C0A920,富貴角,196.0,121.56525800000001,25.263783,新北市,石門區山溪里10鄰九芎林13號旁(石門國小山溪分班附近),1994/10/19,,,,
C0A931,三和,216.0,121.59523600000001,25.233153,新北市,金山區三和國小兩湖分校,2014/04/01,,原(C0A930)站因移位，於2014/4/1更變為(C0A931)站。,C0A930,
C0A940,金山,49.0,121.64396699999999,25.223628,新北市,金山區中興段404地號(磺港社區活動中心內),1994/08/29,,,,
C0A950,鼻頭角,60.0,121.923372,25.129036,新北市,瑞芳區鼻頭角燈塔旁,1994/08/29,,,,
C0A970,三貂角,96.0,122.002058,25.007606,新北市,貢寮區三貂角燈塔旁,1995/06/08,,本站於2017/10/23進行儀器汰換，於2017/12/1完成驗收。,,
C0A980,社子,11.0,121.46968100000001,25.109507999999998,臺北市,士林區延平北路9段212號(台北海洋技術學院內),1997/09/01,,,,
C0A9C0,天母,35.0,121.53716899999999,25.117494,臺北市,士林區天母東路116號(三玉國小內),1997/08/16,,,,
C0A9E0,士林,26.0,121.503019,25.090253,臺北市,士林區延平北路6段308號(社子國小內),1997/08/21,,,,
C0A9F0,內湖,35.0,121.57545,25.079422,臺北市,內湖區內湖路一段520號(內湖高工內),1997/08/21,,,,
C0AC40,大屯山,1079.0,121.52240800000001,25.175675,臺北市,北投區湖田段461-6地號(民航局大屯山助航臺),2005/11/25,,,,
C0AC60,三峽,55.0,121.36972800000001,24.939025,新北市,三峽區復興路238號(三峽國中校園內),2009/04/09,,,,
C0AC70,信義,71.0,121.56459699999999,25.037822,臺北市,信義區市府路1號(台北市政府頂樓),2009/03/31,,,,
C0AC80,文山,40.0,121.575728,25.00235,臺北市,文山區木柵路4段159巷14-1號(博嘉國小校園內),2009/12/01,,原(C1AC80)站因擴充為氣象站，於2009/12/1升級為(C0AC80)站。,C1AC80,
C0ACA0,新莊,25.0,121.44675600000001,25.051478,新北市,新莊區中和街193號(榮富國小校園內),2009/12/01,,原(C1ACA0)站因擴充為氣象站，於2009/12/1升級為(C0ACA0)站，站址搬遷至同校行政大樓西側。,C1ACA0,
C0AD00,三芝,86.0,121.50191699999999,25.258131,新北市,三芝區育英路22號(三芝國小內),2009/08/25,,,,
C0AD10,八里,27.0,121.403947,25.150211,新北市,八里區中山路二段338號(八里國小內),2009/08/19,,,,
C0AD30,蘆洲,20.0,121.47233100000001,25.086594,新北市,蘆洲區三民路96號(三民高中內),2009/09/01,,,,
C0AD40,土城,32.0,121.44516899999999,24.973208,新北市,土城區金城路一段90號(新北市政府消防局土城分隊大樓樓頂),2009/09/05,,,,
C0AD50,鶯歌,84.0,121.346294,24.951532999999998,新北市,鶯歌區尖山埔路106號(鶯歌國小內),2009/09/03,,,,
C0AG90,中和,25.0,121.490444,24.992647,新北市,中和區錦和路350號(錦和運動公園),2011/07/23,,,,
C0AH00,汐止,38.0,121.658778,25.066881,新北市,汐止區大同路二段394號(汐止國中),2011/08/08,,,,
C0AH10,永和,30.0,121.50811100000001,25.01125,新北市,永和區永平路205號(永平高中校園內),2013/12/24,,,,
C0AH30,五分山,755.0,121.780794,25.07125,新北市,瑞芳區靜安路四段1巷1號,2015/10/08,,,,
C0AH40,平等,426.0,121.57708600000001,25.129142,臺北市,士林區平菁街101號(平等國小),2016/06/19,,,,
C0AH50,林口,275.0,121.38083999999999,25.072181,新北市,林口區仁愛路二段173號(林口高中內),2017/01/04,,,,
C0AH70,松山,34.0,121.55041999999999,25.04871,臺北市,松山區敦化北路1號(臺北市松山運動中心),2017/04/26,,因雨量筒較晚驗收完成，2017/04/26至2017/08/17不提供雨量資料。,,
C0AH80,深坑,68.0,121.628328,25.002703,新北市,深坑區文山路1段35號(深坑消防分隊樓頂),2017/08/02,,,,
C0AH90,福山植物園,660.0,121.58135,24.760717,新北市,烏來區福山植物園內(生活植物區之民俗植物區觀測坪),2018/03/23,,,,
C0AI00,五股,188.0,121.42728000000001,25.07445,新北市,五股區外寮路12號,2018/07/10,,,,
C0AI10,屈尺,76.0,121.54475,24.92184,新北市,新店區屈尺路83號(衛福部北區老人之家),2018/11/20,,,C0A580,
C0AI20,白沙灣,25.0,121.519058,25.283128,新北市,石門區德茂里下員坑33-6號（白沙灣遊客中心樓頂）,2018/11/28,,,,
C0AI30,三重,26.0,121.500629,25.057328,新北市,三重區環河南路100號,2019/08/02,,原(C0A9I1)站因移位，於2019/8/2變更為(C0AI30)站。,C0A9I1,
C0AI40,石牌,35.0,121.513167,25.115601,臺北市,北投區石牌路一段139號(石牌國中自強樓頂樓),2019/09/10,,原(C0A9B0)站因移位，於2019/9/10變更為(C0AI40)站。,C0A9B0,
C0B010,七堵,38.0,121.71713000000001,25.094819,基隆市,七堵區東新街22號(基隆商工樓頂),2018/06/23,,,,
C0B020,基隆嶼,86.0,121.78391,25.19141,基隆市,中正區基隆嶼,2018/10/26,,,,
C0C460,復興,482.0,121.352281,24.820207999999997,桃園市,復興區澤仁里中正路248號(介壽國民中學校園內),2007/10/01,,原(C1C460)站因擴充為氣象站，於2007/10/1升級為(C0C460)站。,C1C460,
C0C480,桃園,105.0,121.323172,24.992425,桃園市,桃園區成功路二段144號(桃園高級農工職業學校校園內),2008/01/01,,原(C1C480)站因擴充為氣象站，於2008/1/1升級為(C0C480)站。,C1C480,
C0C490,八德,157.0,121.283289,24.928708,桃園市,八德區興仁里中山路94號(八德國民小學校園內),2011/12/01,,原(C1C490)站因擴充為氣象站，於2011/12/1升級為(C0C490)站。,C1C490,
C0C540,大園,46.0,121.225958,25.04775,桃園市,大園區埔心里25鄰中正東路1段189巷35號(埔心國民小學),2008/01/01,,原(C1C540)站因擴充為氣象站，於2008/1/1升級為(C0C540)站，2017/10/27站名由埔心變更為大園。,C1C540,
C0C590,觀音,72.0,121.15331699999999,25.027072,桃園市,觀音區廣福里10-42號(逸福農場),2007/06/21,,,,
C0C620,蘆竹,19.0,121.265767,25.084275,桃園市,蘆竹區坑口里14鄰旁,2011/12/01,,原(C1C620)站因擴充為氣象站，於2011/12/1升級為(C0C620)站。,C1C620,
C0C630,大溪,209.0,121.265547,24.882853,桃園市,大溪區員林路2段450號(員樹林國小校園內),2007/10/11,,,,
C0C650,平鎮,208.0,121.21463600000001,24.897503,桃園市,平鎮區中豐路山頂段375巷45號(山豐國民小學校園內),2007/10/11,,,,
C0C660,楊梅,176.0,121.143047,24.912375,桃園市,楊梅區金華街100號(楊心國小),2013/06/30,,,,
C0C670,龍潭,250.0,121.22138899999999,24.870055999999998,桃園市,龍潭區中興路726號（龍潭消防分隊）,2014/03/17,,,,
C0C680,龜山,228.0,121.38656,25.02846,桃園市,龜山區文化一路250號(國立體育大學田徑場),2017/3/28,,,,
C0C700,中壢,151.0,121.256375,24.977660999999998,桃園市,中壢區成章四街120號(內壢高中樓頂),2017/12/27,,,,
C0C710,大溪永福,143.0,121.324975,24.892936,桃園市,大溪區信義路1165號（永福國小）,2018/12/26,,,,
C0D360,梅花,523.0,121.20855800000001,24.678347,新竹縣,尖石鄉梅花村1鄰11號(梅花國小校園內),1987/06/01,,,,
C0D390,關西,146.0,121.173947,24.798227999999998,新竹縣,關西鎮北斗里北門口41號(關西國中校園內),2008/01/01,,原(C1D390)站因擴充為氣象站，於2008/1/1升級為(C0D390)站。,C1D390,
C0D430,峨眉,87.0,121.01718899999999,24.6905,新竹縣,峨眉鄉31541峨眉村峨眉街54號(峨眉國中校園內),2011/12/01,,原(C1D430)站因擴充為氣象站，於2011/12/1升級為(C0D430)站。,C1D430,
C0D480,打鐵坑,223.0,121.15078899999999,24.849664,新竹縣,新埔鎮新北里8鄰大北坑28號旁,2008/01/01,,原(C1D480)站因擴充為氣象站，於2008/1/1升級為(C0D480)站。,C1D480,
C0D540,橫山,227.0,121.11693000000001,24.71116,新竹縣,橫山鄉橫山村橫山段426-6地號上,2007/03/08,,,,
C0D550,雪霸,1956.0,121.11605,24.526972,新竹縣,五峰鄉桃山村民石380號(雪霸農場內),2007/06/23,,,,
C0D560,竹東,147.0,121.05788100000001,24.767147,新竹縣,竹東鎮二重國民小學校園內,2008/01/01,,原(C1D560)站因擴充為氣象站，於2008/1/1升級為(C0D560)站。,C1D560,
C0D570,香山,15.0,120.905456,24.746892000000003,新竹市,香山區長興街路旁,2007/10/12,,,,
C0D580,寶山,120.0,121.02519199999999,24.735006,新竹縣,寶山鄉新湖路280號旁,2007/10/14,,,,
C0D590,新豐,143.0,120.97721000000001,24.87068,新竹縣,新豐鄉上坑村坑子口102-1號(小叮噹科學遊樂區內),2007/10/01,,原(C0C580)站因縣市代碼不符，於2008/2/25重新編碼為(C0D590)站。,C0C580,
C0D650,湖口,97.0,121.043628,24.904794,新竹縣,湖口鄉信勢村三鄰成功路109號(湖口消防分隊),2013/09/10,,,,
C0D660,新竹市東區,65.0,120.986947,24.798676,新竹市,東區光復路二段321號（工研院光復院區6館）,2014/09/29,,,,
C0E420,竹南,19.0,120.888897,24.708978,苗栗縣,竹南鎮大埔里仁愛路1092號(竹南鎮大埔國民小學內),1987/06/01,,,,
C0E430,南庄,258.0,121.00021399999999,24.601775,苗栗縣,南庄鄉東村文化路3號(南庄國小校園內),1987/06/01,,,,
C0E520,大湖,320.0,120.87087,24.414939999999998,苗栗縣,大湖鄉大寮村5鄰竹高屋34-1號附近,2011/11/01,,原(C1E520)站因擴充為氣象站，於2011/11/1升級為(C0E520)站。,C1E520,
C0E540,後龍,32.0,120.783933,24.606489,苗栗縣,後龍鎮後龍溪橋旁高地,2011/11/01,,原(C1E540)站因擴充為氣象站，於2011/11/1升級為(C0E540)站。,C1E540,
C0E550,明德,84.0,120.885411,24.583485999999997,苗栗縣,頭屋鄉明德水庫水利工作站屋頂上,2011/11/01,,原(C1E550)站因擴充為氣象站，於2011/11/1升級為(C0E550)站。,C1E550,
C0E590,通霄,40.0,120.704622,24.471892,苗栗縣,通霄鎮城北里1鄰13號(通霄鎮城中國民小學內),2011/11/01,,原(C1E590)站因擴充為氣象站，於2011/11/1升級為(C0E590)站，原為土城雨量站。,C1E590,
C0E610,馬都安,850.0,120.93019199999999,24.451272,苗栗縣,泰安鄉錦水村(由泰安開車約2小時瞭望台旁),1990/07/01,,,,
C0E730,頭份,26.0,120.91220600000001,24.688247,苗栗縣,頭份市中正路219號(苗栗縣頭份鎮頭份國小校園內),2007/10/11,,,,
C0E740,造橋,27.0,120.864778,24.637056,苗栗縣,造橋鄉造橋村14鄰3號(造橋國小),2011/01/31,,,,
C0E750,苗栗,62.0,120.824575,24.564569,苗栗縣,苗栗市中正路241號(建功國小),2011/02/21,,,,
C0E780,銅鑼,160.0,120.790853,24.489681,苗栗縣,銅鑼鄉福興村文化街1號(銅鑼國小),2011/03/02,,,,
C0E790,卓蘭,344.0,120.824753,24.312764,苗栗縣,卓蘭鎮中山路127號(卓蘭鎮公所),2011/01/31,,,,
C0E810,西湖,53.0,120.7485,24.562947,苗栗縣,西湖鄉二湖村2鄰22號(僑文國小),2011/04/24,,,,
C0E820,獅潭,220.0,120.920042,24.539133,苗栗縣,獅潭鄉新店村11鄰103-2號(獅潭鄉公所圖書館樓頂),2011/09/22,,,,
C0E830,苑裡,37.0,120.653053,24.439714000000002,苗栗縣,苑裡鎮信義路1號(苑裡鎮公所),2013/11/06,,,,
C0E850,大河,104.0,120.948578,24.618069000000002,苗栗縣,三灣鄉大河村48號(大河派出所),2015/07/23,,,,
C0E870,高鐵苗栗,34.0,120.826094,24.60725,苗栗縣,後龍鎮高鐵三路268號(高鐵苗栗站外),2017/08/01,,,,
C0E880,三義,507.0,120.752086,24.407808,苗栗縣,苗栗縣三義鄉八股段1149-3地號（三義慈濟山茶園內）,2020/01/07,,,,
C0F000,大肚,273.0,120.57211699999999,24.15295,臺中市,大肚區瑞井里遊園路一段2號(臺中區監理所內),2011/11/01,,原(C1F000)站因擴充為氣象站，於2011/11/1升級為(C0F000)站。,C1F000,
C0F0A0,雪山圈谷,3587.0,121.23633899999999,24.388594,臺中市,和平區(往雪山主峰路上9.8公里處右邊),2016/05/18,,,,
C0F0B0,石岡,311.0,120.777644,24.276061,臺中市,石岡區石岡街6號 (臺中市石岡區衛生所),2016/09/13,,,,
C0F0C0,中坑,983.0,120.903319,24.248517,臺中市,和平區中坑里中坑段39地號內,2017/05/26,,,,
C0F0D0,審馬陣,3171.0,121.4203,24.381675,臺中市,和平區南湖大山指標16.2K處(審馬陣山附近),2017/12/28,,,,
C0F0E0,南湖圈谷,3557.0,121.444667,24.363714,臺中市,和平區南湖大山指標20K處(南湖主峰東峰岔路附近),2017/12/28,,,,
C0F850,東勢,379.0,120.833047,24.246428,臺中市,東勢區東關路647號(東勢林區管理處雙崎工作站內),2011/11/01,,原(C1F850)站因擴充為氣象站，於2011/11/1升級為(C0F850)站。,C1F850,
C0F861,梨山,2215.0,121.243669,24.247522,臺中市,和平區梨山里福壽路29號（福壽山農場）,2004/07/01,,,C0F860,
C0F930,大甲,100.0,120.640403,24.347667,臺中市,大甲區開元路71號(大甲高級工業職業學校內),2011/11/01,,原(C1F930)站因擴充為氣象站，於2011/11/1升級為(C0F930)站。,C1F930,
C0F970,大坑,145.0,120.72228899999999,24.173142000000002,臺中市,北屯區軍福十三路268號(東山消防分隊),2011/11/01,,原(C1F970)站因擴充為氣象站，於2011/11/1升級為(C0F970)站。,C1F970,
C0F9A0,中竹林,425.0,120.751061,24.103556,臺中市,太平區長龍路中埔二號橋至站址直線距離約1.7km,2011/11/01,,原(C1F9A0)站因擴充為氣象站，於2011/11/1升級為(C0F9A0)站。,C1F9A0,
C0F9I0,神岡,194.0,120.65831399999999,24.272481,臺中市,神岡區三民路639號(圳堵國小校園南側大樓屋頂平台),2011/11/01,,原(C1F9I0)站因擴充為氣象站，於2011/11/1升級為(C0F9I0)站。,C1F9I0,
C0F9K0,大安,30.0,120.588025,24.345060999999998,臺中市,大安區中庄里中山南路296號(大安國小),2011/03/07,,,,
C0F9L0,后里,253.0,120.729725,24.310436,臺中市,后里區甲后路110號(后里國小),2011/03/09,,,,
C0F9M0,豐原,230.0,120.72069199999999,24.254322,臺中市,豐原區豐榮里12鄰新生北路155號(豐原國小),2011/04/07,,,,
C0F9N0,大里,75.0,120.701378,24.092464,臺中市,大里區文化街120號(塗城國小),2011/05/26,,,,
C0F9O0,潭子,175.0,120.703933,24.213106,臺中市,潭子區中山路二段435號(潭子國小),2011/03/29,,,,
C0F9P0,清水,26.0,120.562242,24.312297,臺中市,清水區護岸路37號(高美國小),2011/01/31,,,,
C0F9Q0,外埔,149.0,120.70568600000001,24.347817000000003,臺中市,外埔區土城里土城西路55號(安定國小),2011/04/14,,,,
C0F9R0,龍井,20.0,120.528972,24.184535999999998,臺中市,龍井區西里龍門路51號(龍井國小),2011/01/31,,,,
C0F9S0,烏日,43.0,120.624103,24.107058,臺中市,烏日區中山路二段196號(烏日國小),2011/05/26,,,,
C0F9T0,西屯,111.0,120.641275,24.179494000000002,臺中市,西屯區西屯路二段300號(西屯國小),2011/05/10,,,,
C0F9U0,南屯,74.0,120.637969,24.137006,臺中市,南屯區黎明路一段968號(南屯國小),2011/05/19,,,,
C0F9V0,新社,525.0,120.81580600000001,24.200172,臺中市,新社區大南里興中街46號(農委會種苗改良繁殖場),2011/03/02,,,,
C0F9X0,大雅(中科園區),166.0,120.62445,24.21528,臺中市,大雅區中部科學工業園區臺中園區(汙水處理機房樓頂),2015/07/31,,,,
C0F9Y0,桃山,3313.0,121.303808,24.432739,臺中市,和平區(位於往桃山山屋叉路解說牌附近),2016/04/28,,,,
C0F9Z0,雪山東峰,3193.0,121.268675,24.388792000000002,臺中市,和平區(位於雪山東峰直升機停機坪東南東方60公尺處),2016/05/18,,,,
C0FA00,烏石坑,983.0,120.94762,24.2735,臺中市,和平區東崎路2段烏石巷109號,2020/10/31,,,,
C0G620,芬園,110.0,120.6213,24.015678,彰化縣,芬園鄉楓坑村大埔崙產業道路上(芬園往臺灣民俗村路上),2011/11/01,,原(C1G620)站因擴充為氣象站，於2011/11/1升級為(C0G620)站。,C1G620,
C0G640,鹿港,17.0,120.430481,24.0753,彰化縣,鹿港鎮海埔里顏厝巷67號(行政院退輔會魚殖管理處彰化分場內),1992/05/05,,,,
C0G650,員林,34.0,120.58559699999999,23.946503,彰化縣,員林市萬年里明倫路2號(明倫國中內),1992/05/06,,,,
C0G660,溪湖,27.0,120.479122,23.94835,彰化縣,溪湖鎮大竹里彰水路2段725號(湖南國民小學內),2011/11/01,,原(C1G660)站因擴充為氣象站，於2011/11/1升級為(C0G660)站。,C1G660,
C0G720,溪州,50.0,120.49909299999999,23.851589,彰化縣,溪州鄉溪下路四段560號(溪州鄉公所),2015/03/12,,,,
C0G730,二林,27.0,120.376081,23.903325,彰化縣,二林鎮仁愛路200號(二林消防分隊),2015/07/01,,原中西(C1G700)站因移位及擴充為氣象站，於2015/7/1升級為(C0G730)站，站名更變為二林。,C1G700,
C0G740,大城,24.0,120.320935,23.852487,彰化縣,大城鄉東城村中平路185號(大城鄉公所),2015/03/09,,,,
C0G750,竹塘,31.0,120.38248600000001,23.846617000000002,彰化縣,竹塘鄉永安村東陽路二段221號(永安派出所),2015/03/04,,,,
C0G760,高鐵彰化,53.0,120.57460800000001,23.875247,彰化縣,田中鎮站區路二段99號(高鐵彰化站外),2017/08/01,,,,
C0G770,福興,15.0,120.437669,24.041289000000003,彰化縣,福興鄉員鹿路二段270號(福興國中),2011/06/02,,,,
C0G780,秀水,27.0,120.503869,24.03405,彰化縣,秀水鄉安東村中山路257號(秀水國小),2011/08/01,,,,
C0G800,埔鹽,15.0,120.431683,24.000394,彰化縣,埔鹽鄉永樂村永樂路600號(永樂國小),2011/04/12,,,,
C0G810,埔心,26.0,120.525456,23.947633,彰化縣,埔心鄉舊館村員鹿路四段201號(舊館國小),2011/04/27,,,,
C0G820,田尾,29.0,120.50938899999998,23.901669000000002,彰化縣,田尾鄉中正路二段101號(仁豐國小),2011/05/05,,,,
C0G830,埤頭,27.0,120.45280600000001,23.866003,彰化縣,埤頭鄉大湖村大湖路260號(大湖國小),2011/05/25,,,,
C0G840,北斗,32.0,120.514222,23.877585999999997,彰化縣,北斗鎮斗苑路二段150號(螺陽國小),2011/04/01,,,,
C0G860,社頭,45.0,120.5862,23.897647,彰化縣,社頭鄉社斗路一段258號(社頭國小),2011/05/25,,,,
C0G870,芳苑,12.0,120.320025,23.922303,彰化縣,芳苑鄉仁愛村斗苑路芳苑段211號(芳苑國中),2011/07/19,,,,
C0G880,二水,92.0,120.6173,23.810742,彰化縣,二水鄉文化村119號(二水國小),2011/07/28,,,,
C0G890,伸港,24.0,120.484403,24.148933,彰化縣,伸港鄉新港村和平路60號(新港國小),2011/02/18,,,,
C0G900,線西,20.0,120.44353600000001,24.143358,彰化縣,線西鄉慶福路300號（彰濱工業區線西服務大樓內),2019/11/22,,,,
C0G910,花壇,42.0,120.54946100000001,24.032076,彰化縣,彰化縣花壇鄉彰員路2段580號（花壇國中內）,2019/12/20,,,,
C0H890,埔里,440.0,120.952425,23.972169,南投縣,埔里鎮大城里大城路169號(南投縣立大成國民中學內),2015/09/04,,原大肚城(C1H890)站因擴充為氣象站，於2015/9/4升級為(C0H890)站，站名更變為埔里。,C1H890,
C0H950,中寮,192.0,120.766406,23.884447,南投縣,中寮鄉復興村初中巷50號(中寮國中校園內),2011/11/01,,原(C1H950)站因擴充為氣象站，於2011/11/1升級為(C0H950)站。,C1H950,
C0H960,草屯,120.0,120.68085,23.973672,南投縣,草屯鎮中山里草鞋墩1街8號(草屯鎮公所樓頂),2011/11/01,,原(C1H960)站因擴充為氣象站，於2011/11/1升級為(C0H960)站。,C1H960,
C0H990,昆陽,3076.0,121.273642,24.121322,南投縣,仁愛鄉昆陽警察局後方下坡處(太魯閣國家公園)石碑後20公尺,1992/05/23,,本站於2015/8/24起進行儀器汰換，並於2015/12/31完成驗收。,,
C0H9A0,神木村,1595.0,120.843667,23.532742000000002,南投縣,信義鄉神木村神木工作分站後方山坡上(對高岳營林區29林班地444號土地),1998/12/16,,本站於2015/9/21起進行儀器汰換，並於2015/12/31完成驗收。,,
C0H9C0,合歡山,3402.0,121.272547,24.143442,南投縣,仁愛鄉(近合歡山三角點，由松雪樓開車約15分鐘，大甲溪事業區第81林班),2008/02/25,,原(C0F950)站因縣市代碼不符，於2008/2/25重新編碼為(C0H9C0)站。,C0F950,
C0I010,廬山,1562.0,121.181808,24.033310999999998,南投縣,仁愛鄉大同村仁和路21號(埔里-霧社收費站-盧山電力公司瞭望台),1992/05/12,,本站於2015/7/30起進行儀器汰換，並於2015/12/31完成驗收。,,
C0I080,信義,536.0,120.85103600000001,23.689694,南投縣,信義鄉自強村綠美巷(內茅埔營林區23林班地),2015/09/22,,原(C1I080)站因擴充為氣象站，於2015/9/22升級為(C0I080)站。,C1I080,
C0I090,鳳凰,910.0,120.787347,23.728081,南投縣,鹿谷鄉鳳凰鳥園旁,1992/05/05,,,,
C0I110,竹山,161.0,120.688156,23.761225,南投縣,竹山鎮延和里向學街32號(竹山國民小學內),1992/05/05,,,,
C0I360,水里,300.0,120.849792,23.812553,南投縣,水里鄉中山路一段515號(玉山國家公園管理處),2015/09/23,,,,
C0I370,魚池,671.0,120.94135,23.895703,南投縣,魚池鄉東池村魚池街194號(魚池鄉衛生所),2015/09/07,,,,
C0I380,集集,258.0,120.80146699999999,23.828205999999998,南投縣,集集鎮民生東路1號(農委會特有生物研究保育中心),2015/09/24,,,,
C0I390,仁愛,1184.0,121.13220600000001,24.022122,南投縣,仁愛鄉仁和路50號(台電公司仁愛服務所),2015/08/10,,,,
C0I410,名間,180.0,120.701447,23.837053,南投縣,名間鄉董門巷2號(名間鄉立體停車場),2015/09/30,,,,
C0I420,國姓,305.0,120.85507199999999,24.037803,南投縣,國姓鄉民族街40號(國姓鄉老人文康活動中心),2015/09/02,,,,
C0I460,南投,110.0,120.687331,23.911469,南投縣,南投市龍泉里玉井街5號(南投市公所樓頂),2015/09/03,,,,
C0I480,梅峰,2165.0,121.173572,24.085272,南投縣,仁愛鄉大同村仁和路215號(梅峰農場),2015/10/06,,,,
C0I490,萬大林道,1601.0,121.09141100000001,23.928228,南投縣,仁愛鄉曲冰段(萬大林道約7.2k附近高地),2015/10/07,,,,
C0I520,玉山風口,3860.0,120.95599399999999,23.470489,南投縣,信義鄉(玉山主峰往北峰叉路空地附近),2016/05/22,,,,
C0I530,小奇萊,3014.0,121.295717,24.131764,南投縣,仁愛鄉小奇萊步道指標1.5K處附近,2017/12/28,,,,
C0I540,奇萊稜線,3344.0,121.32645600000001,24.109231,南投縣,仁愛鄉奇萊連峰指標6.4K處(奇萊山屋附近),2017/12/28,,,,
C0K240,草嶺,1132.0,120.69346100000001,23.59555,雲林縣,古坑鄉草嶺村龍頭,1992/05/17,,,,
C0K250,崙背,12.0,120.318925,23.75555,雲林縣,崙背鄉阿勸村阿勸農場(阿勸段487號),2015/06/08,,原(C1K250)站因擴充為氣象站，於2015/6/8升級為(C0K250)站。,C1K250,
C0K280,四湖,23.0,120.227125,23.630414000000002,雲林縣,四湖鄉湖西村中正路766號(四湖國民中學內),1992/12/05,,本站於2015/7/18起進行儀器汰換，並於2015/12/31完成驗收。,,
C0K291,宜梧,8.0,120.169329,23.536281,雲林縣,口湖鄉湖口村170號央廣口湖分台內(憲兵排樓頂),2010/09/27,,原(C0K290)站因觀測位置不佳，於2010/9/27更變為(C0K291)站。於2015/7/1遷移至原址鄰近旁建物樓頂並進行儀器汰換。,C0K290,
C0K330,虎尾,38.0,120.44203600000002,23.719182999999997,雲林縣,虎尾鎮林森路一段64號(中正國民小學內),1992/12/12,,本站於2015/5/27起進行儀器汰換，並於2015/7/1完成驗收。,,
C0K390,土庫,31.0,120.395574,23.679029,雲林縣,土庫鎮建國路41號(土庫消防分隊),2015/05/07,,,,
C0K400,斗六,65.0,120.541127,23.720582999999998,雲林縣,斗六市鎮北路345-1號(斗六消防分隊),2015/03/10,,,,
C0K410,北港,20.0,120.29280200000001,23.573957,雲林縣,北港鎮大同路565號(北港消防分隊),2015/03/23,,,,
C0K420,西螺,42.0,120.467394,23.800407,雲林縣,西螺鎮公正路211號(西螺消防分隊),2015/05/06,,,,
C0K430,褒忠,30.0,120.303634,23.690938,雲林縣,褒忠鄉中正路451號(褒忠鄉公所),2015/04/29,,,,
C0K440,二崙,35.0,120.40894399999999,23.772797,雲林縣,二崙鄉中正路80號(二崙消防分隊),2015/04/30,,,,
C0K450,大埤,35.0,120.431537,23.646074,雲林縣,大埤鄉中山路8號(大埤鄉公所),2015/02/13,,,,
C0K460,斗南,60.0,120.47835900000001,23.678734,雲林縣,斗南鎮延平路二段266號(斗南鎮停一立體停車場),2015/03/11,,,,
C0K470,林內,97.0,120.609642,23.748675,雲林縣,林內鄉中正路685號(林內消防分隊),2015/03/06,,,,
C0K480,莿桐,56.0,120.502372,23.761192,雲林縣,莿桐鄉和平路53號(莿桐鄉公所),2015/03/18,,,,
C0K490,古坑,91.0,120.559754,23.654301,雲林縣,古坑鄉中山路393號(古坑消防分隊),2015/03/04,,,,
C0K500,元長,12.0,120.315024,23.649810000000002,雲林縣,元長鄉長南村仁愛街2號(元長鄉公所),2015/03/20,,,,
C0K510,水林,10.0,120.24597,23.572924,雲林縣,水林鄉水北村水林路12號(水林鄉公所),2015/03/19,,,,
C0K520,雲林東勢,10.0,120.15477800000001,23.674449,雲林縣,東勢鄉東南村所前街3號(東勢鄉公所),2015/03/13,,,,
C0K530,臺西,12.0,120.19755900000001,23.701547,雲林縣,台西鄉中山路110巷38號(臺西消防分隊),2015/03/28,,,,
C0K550,蔦松,15.0,120.22973600000002,23.514319,雲林縣,水林鄉松中村蔦松路213號(蔦松國小),2015/10/26,,,,
C0K560,棋山,117.0,120.603417,23.68645,雲林縣,古坑鄉棋盤村棋山49號(棋山國小),2015/10/22,,,,
C0K580,高鐵雲林,26.0,120.41794399999999,23.737455999999998,雲林縣,虎尾鎮站前東路301號(高鐵雲林站外),2017/08/01,,,,
C0M410,馬頭山,245.0,120.582017,23.324361,嘉義縣,大埔鄉永樂村1鄰內灣仔2號,1988/10/07,,本站於2013/3/21 進行儀器汰換，並於2013/8/1完成驗收。,,
C0M520,東後寮,15.0,120.248065,23.369908,嘉義縣,義竹鄉東光村7號(台糖東後寮農場),2015/07/03,,原(C1M520)站因擴充為氣象站，於2015/7/1升級為(C0M520)站。,C1M520,
C0M530,奮起湖,1385.0,120.699253,23.493903,嘉義縣,竹崎鄉阿里山事業區148林班地(中興苗圃內),1992/12/05,,本站於2015/7/7起進行儀器汰換，並於2015/12/31完成驗收。,,
C0M640,中埔,155.0,120.5229,23.42538,嘉義縣,中埔鄉中埔村128號(中埔鄉公所),2015/04/20,,,,
C0M650,朴子,20.0,120.23902,23.43463,嘉義縣,朴子市竹村里36號(竹村國小),2015/03/26,,,,
C0M660,溪口,40.0,120.40356899999999,23.604131,嘉義縣,溪口鄉中正東路103號(溪口國中學生活動中心),2015/04/29,,,,
C0M670,大林,43.0,120.45841000000001,23.600616,嘉義縣,大林鎮新興街110號(大林地政事務所),2015/04/24,,,,
C0M680,太保,37.0,120.331455,23.455061999999998,嘉義縣,太保市太保里31號(太保市圖書館),2015/03/25,,,,
C0M690,水上,33.0,120.38890900000001,23.419734,嘉義縣,水上鄉三鎮村三鎮路119號(水上消防分隊),2015/04/14,,,,
C0M700,竹崎,150.0,120.555508,23.526178,嘉義縣,竹崎鄉竹崎村舊車站79號(竹崎消防分隊),2015/04/16,,,,
C0M710,東石,15.0,120.15385,23.458927,嘉義縣,東石鄉東石村3號(東石鄉公所),2015/04/20,,,,
C0M720,番路,225.0,120.554156,23.464657,嘉義縣,番路鄉下坑村蔡公店101號(番路鄉公所),2015/04/23,,,,
C0M730,嘉義市東區,40.0,120.460531,23.457673,嘉義市,親水路123 號(第五河川局水情中心),2015/04/13,,,,
C0M740,六腳,15.0,120.290625,23.492871,嘉義縣,六腳鄉蒜頭村73-2號(六腳消防分隊),2015/03/28,,,,
C0M750,布袋,10.0,120.16778899999998,23.380878,嘉義縣,布袋鎮龍江里2-2號(布袋消防分隊),2015/03/24,,,,
C0M760,民雄,40.0,120.42845700000001,23.551754000000003,嘉義縣,民雄鄉文化路7號(民雄鄉公所),2015/03/17,,,,
C0M770,嘉義梅山,164.0,120.55558700000002,23.585398,嘉義縣,梅山鄉中山路282號(梅山鄉公所),2015/03/03,,,,
C0M780,鹿草,30.0,120.30835,23.41134,嘉義縣,鹿草鄉西井村287號(鹿草鄉公所),2015/03/27,,,,
C0M790,新港,15.0,120.34572800000001,23.553269,嘉義縣,新港鄉公園路28號(新港消防分隊),2015/03/27,,,,
C0M800,茶山,440.0,120.664767,23.299075,嘉義縣,阿里山鄉茶山路62號之1(茶山村衛生室),2015/11/03,,,,
C0M810,里佳,1354.0,120.716647,23.389125,嘉義縣,阿里山鄉里佳村,2015/11/11,,,,
C0M820,達邦,980.0,120.749517,23.453994,嘉義縣,阿里山鄉達邦村21號(鄒族自然與文化中心),2015/11/04,,,,
C0M850,表湖,695.0,120.64166000000002,23.24186,嘉義縣,大埔鄉溪頭段1地號,2018/02/14,,,,
C0M860,新美,578.0,120.68316899999999,23.338017,嘉義縣,嘉義縣阿里山鄉新美村78號,2020/03/31,,,,
C0O810,曾文,161.0,120.497328,23.219681,臺南市,楠西區曾文新村(曾文水庫管理局內),1998/10/08,,,,
C0O830,北寮,127.0,120.49500800000001,23.079560999999998,臺南市,南化區北寮里48-4號,2013/04/18,,原(C1O830)站因擴充為氣象站，於2013/4/18升級為(C0O830)站。,C1O830,
C0O840,王爺宮,134.0,120.40085,23.222064000000003,臺南市,六甲區王爺里24號（六甲國小湖東分校）,2013/12/01,,原(C1O840)站因觀測條件不佳及擴充為氣象站，於2013/12/1升級為(C0O840)站。,C1O840,
C0O860,大內,38.0,120.36083,23.11885,臺南市,大內區74201大內里63號(大內國民小學),2013/08/01,,原(C1O860)站因擴充為氣象站，於2013/8/1升級為(C0O860)站。,C1O860,
C0O900,善化,9.0,120.297219,23.112883,臺南市,善化區益民寮60號(亞洲蔬菜研究發展中心內),1988/10/07,,本站於 2013/5/11 進行儀器汰換，並於2013/8/1完成驗收。,,
C0O930,玉井,69.0,120.46055,23.126042,臺南市,玉井區台灣糖業公司玉井糖廠,1988/10/07,,,,
C0O950,安南,4.0,120.144861,23.076694,臺南市,安南區公學路6段589號(學東國民小學內),2013/08/01,,原(C1O950)站因擴充為氣象站，於2013/8/1升級為(C0O950)站。,C1O950,
C0O960,崎頂,112.0,120.369317,22.959547,臺南市,龍崎區中坑里5鄰13號,2013/04/18,,原(C1O960)站因擴充為氣象站，於2013/4/18升級為(C0O960)站。,C1O960,
C0O970,虎頭埤,71.0,120.34787800000001,23.021375,臺南市,新化區口埤18號(新化分場),2013/08/01,,原(C1O970)站因擴充為氣象站，於2013/8/1升級為(C0O970)站。,C1O970,
C0O980,新市,18.0,120.298197,23.061614000000002,臺南市,新市區永就里53號(番子寮農場),2013/08/01,,原(C1O980)站因擴充為氣象站，於2013/8/1升級為(C0O980)站。,C1O980,
C0O990,媽廟,18.0,120.293525,22.99175,臺南市,歸仁區中正北路3段60號(保西國民小學內),2013/12/01,,原(C1O990)站因擴充為氣象站，於2013/12/1升級為(C0O990)站。,C1O990,
C0R100,尾寮山,1006.0,120.683889,22.833111,屏東縣,三地門鄉口社檢查站車程約2小時(尾寮山瞭望台旁),1992/01/22,,本站於2013/10/10進行儀器汰換，並於2013/12/1完成驗收。,,
C0R130,阿禮,1040.0,120.743678,22.742908,屏東縣,霧台鄉(屏東事業區第46林班)由山地文化村開車約2小時需徒步轉波站前面,2013/08/01,,原(C1R130)站因擴充為氣象站，於2013/8/1升級為(C0R130)站。,C1R130,
C0R140,瑪家,740.0,120.68663899999999,22.682903,屏東縣,瑪家鄉瑪家村4鄰24號(後山),2013/08/01,,原(C1R140)站因擴充為氣象站，於2013/8/1升級為(C0R140)站。,C1R140,
C0R150,三地門,105.0,120.639944,22.709889,屏東縣,內埔鄉水門村成功路83號(國立內埔高級農工職業學校內),1992/01/22,,本站於2013/9/10進行儀器汰換，並於2013/12/1完成驗收。,,
C0R160,鹽埔,45.0,120.530778,22.739558,屏東縣,屏東縣鹽埔鄉七份路21號(彭厝國小),2013/12/01,,原(C1R160)站於2013/12/1變更為(C0R160)站。,C1R160,
C0R170,屏東,26.0,120.494072,22.660269,屏東縣,屏東市復興路245號(台灣糖業公司屏東區處場區內),2013/12/01,,原(C1R170)站於2013/12/1變更為(C0R170)站。,C1R170,
C0R190,赤山,32.0,120.614306,22.592333,屏東縣,萬巒鄉建興路40號（赤山國小）,2013/12/01,,原(C1R190)站因觀測環境不佳，於2013/12/1遷移至(C0R190)站。,C1R190,
C0R220,潮州,23.0,120.54,22.534360999999997,屏東縣,潮州鎮光春路290號(屏東縣立光春國民中學內),1992/01/22,,本站於2013/9/10進行儀器汰換，並於2013/12/1完成驗收。,,
C0R240,來義,87.0,120.625111,22.527306,屏東縣,萬巒鄉新隆路64號萬巒農場（佳佐段180號）,2013/12/01,,原(C1R240)站因擴充為氣象站，於2013/12/1升級為(C0R240)站。,C1R240,
C0R260,春日,76.0,120.62830600000001,22.370361,屏東縣,春日鄉鄉公所資源回收場旁,2013/12/01,,原(C1R260)站因擴充為氣象站，於2013/12/1升級為(C0R260)站。,C1R260,
C0R270,琉球嶼,51.0,120.36223600000001,22.332244,屏東縣,琉球鄉天台段596及597地號,1996/08/30,,本站於2013/9/26進行儀器汰換，並於2013/12/1完成驗收。,,
C0R280,檳榔,242.0,120.836777,22.076078,屏東縣,滿州鄉長樂村大公路14號(往南仁山方向),1997/06/13,,本站於2019/09/19進行儀器汰換，於2019/11/28完成驗收。,,
C0R320,車城,7.0,120.716073,22.074033,屏東縣,車城鄉福興村中山路66號(車城國小),2019/11/28,,因擴充氣象站，原氣象站(C1R320)，於2019/11/28升級為氣象站，變更站碼為(C0R320)。,C1R320,
C0R341,牡丹,230.0,120.792639,22.130035999999997,屏東縣,199縣道23K-23.5K間車城往旭海方向之右側,2019/11/28,,因擴充氣象站，原氣象站(C1R340)，於2019/11/28升級為氣象站，變更站碼為(C0R341)。,C1R340,
C0R350,貓鼻頭,35.0,120.7358,21.921774,屏東縣,恆春鎮(貓鼻頭風景區內),1997/06/01,,本站於2019/08/30進行儀器汰換，於2019/11/28完成驗收。,,
C0R440,大漢山,1654.0,120.75318100000001,22.405264000000003,屏東縣,春日鄉大漢山頂,2019/11/28,,因擴充氣象站，原氣象站(C1R440)，於2019/11/28升級為氣象站，變更站碼為(C0R440)。,C1R440,
C0R470,高樹,103.0,120.600806,22.826389000000002,屏東縣,高樹鄉興中路330號(高樹圖書館),2013/06/14,,,,
C0R480,長治,57.0,120.542622,22.693128,屏東縣,長治鄉德成村中興路572-1號(長治消防分隊),2013/06/07,,,,
C0R490,九如,49.0,120.490503,22.7405,屏東縣,九如鄉九如路二段416號(九如鄉公所),2013/06/07,,,,
C0R510,萬丹,31.0,120.490394,22.587775,屏東縣,萬丹鄉萬安村和平東路69號(萬丹消防分隊),2013/06/16,,,,
C0R520,崁頂,18.0,120.506914,22.514781,屏東縣,崁頂鄉崁頂村興農路20之10號(崁頂消防分隊),2013/06/15,,,,
C0R530,林邊,16.0,120.509983,22.430836,屏東縣,林邊鄉光林村和平路45號(林邊鄉衛生所),2013/06/11,,,,
C0R540,佳冬,17.0,120.552375,22.419456,屏東縣,佳冬鄉佳昌路2號(佳冬鄉公所),2013/06/11,,,,
C0R550,新埤,38.0,120.582894,22.467947,屏東縣,新埤鄉民眾路103號(新埤消防分隊),2013/05/12,,,,
C0R560,新園,22.0,120.46155800000001,22.5434,屏東縣,新園鄉仙吉村店口路116號(新園消防分隊),2013/06/12,,,,
C0R570,麟洛,37.0,120.52718999999999,22.650779999999997,屏東縣,麟洛鄉中山路158號(麟洛鄉公所),2013/06/19,,,,
C0R580,南州,10.0,120.50273999999999,22.48591,屏東縣,南州鄉溪南村人和路241號(南州消防分隊),2013/06/12,,,,
C0R590,里港,72.0,120.49458999999999,22.77919,屏東縣,里港鄉永春村中山路104號(里港鄉公所),2013/06/18,,,,
C0R600,舊泰武,766.0,120.66494399999999,22.588194,屏東縣,泰武鄉泰武村良武巷101號(舊泰武村老人活動中心),2013/10/09,,,,
C0R620,墾雷,34.0,120.85526899999999,21.900835999999998,屏東縣,恆春鎮燈塔路51巷33號(氣象局墾丁雷達站區內),2015/12/28,,本站於2019/08/31進行儀器汰換，於2019/11/28完成驗收。,,
C0R640,東港,21.0,120.44073999999999,22.46247,屏東縣,東港鎮豐漁里豐漁街67號（水產試驗所東港生技研究中心）,2018/08/11,,,,
C0R650,竹田,29.0,120.54343999999999,22.58486,屏東縣,竹田鄉中正路123號(竹田鄉公所清潔隊),2018/08/11,,,,
C0R660,枋寮,20.0,120.590647,22.367722,屏東縣,枋寮鄉枋寮村德興路197號(枋寮國小),2019/11/28,,,,
C0R670,楓港,26.0,120.69215600000001,22.190131,屏東縣,枋山鄉善餘村光復路24號(楓港國小),2019/11/28,,,,
C0R680,佳樂水,13.0,120.86163300000001,21.993578,屏東縣,滿州鄉佳樂水風景區內,2019/11/28,,,,
C0R690,墾丁,348.0,120.81026899999999,21.966756,屏東縣,恆春鎮墾丁森林遊樂區林業試驗所觀測坪,2019/11/28,,,,
C0R700,枋山,19.0,120.66108600000001,22.246844,屏東縣,枋山鄉中山路三段52號(加祿國小),2019/11/28,,,,
C0R710,龍磐,117.0,120.83894199999999,21.931672,屏東縣,屏東縣恆春助航台(NDB歸航台),2020/04/09,,,,
C0R720,旭海,214.0,120.88761399999999,22.205403,屏東縣,牡丹鄉旭海大草原步道旁,2019/11/28,,,,
C0R730,大坪頂,163.0,120.69355,22.024632999999998,屏東縣,屏東縣恆春鎮大坪頂電信機房旁,2020/04/09,,,,
C0R740,獅子,58.0,120.70525,22.201569,屏東縣,屏東縣獅子鄉楓林村2巷26號,2020/04/09,,,,
C0R750,四林格山,551.0,120.80243899999999,22.076989,屏東縣,屏東縣牡丹鄉四林格山遊樂區第2涼亭旁大草原,2020/04/09,,,,
C0R760,南仁湖,336.0,120.863353,22.084681,屏東縣,屏東縣滿州鄉南仁湖步道4K山頂觀測站旁,2020/04/09,,,,
C0R770,保力,93.0,120.76411100000001,22.071122,屏東縣,屏東縣車城鄉保力村竹社路5號,2020/04/09,,,,
C0R780,滿州,72.0,120.83989199999999,22.024403,屏東縣,屏東縣滿州鄉文化路32號,2020/04/09,,,,
C0R790,九棚,111.0,120.88928100000001,22.14195,屏東縣,屏東縣牡丹鄉九棚中科院基地,2020/04/09,,,,
C0R800,丹路,131.0,120.75098899999999,22.204481,屏東縣,屏東縣獅子鄉丹路一巷39號,2020/04/09,,,,
C0R810,內獅,25.0,120.64298600000001,22.305064,屏東縣,屏東縣獅子鄉內獅路1號,2020/04/09,,,,
C0R820,白鷺,588.0,120.666219,22.454275,屏東縣,屏東縣來義鄉白鷺大橋沿白鷺道路5.5公里處,2020/04/09,,,,
C0R830,高士,383.0,120.836781,22.121825,屏東縣,屏東縣牡丹鄉高士社區進水廠水塔頂,2020/04/09,,,,
C0R840,牡丹池山,536.0,120.841225,22.168389,屏東縣,屏東縣牡丹鄉牡丹池山山頂,2020/04/09,,,,
C0S660,下馬,794.0,121.07031200000002,23.150427,臺東縣,海端鄉廢棄下馬派出所旁,2019/06/07,,原(C1S660)站因擴充為氣象站，於2019/6/7升級為(C0S660)站。,C1S660,
C0S690,太麻里,522.0,120.98533,22.60902,臺東縣,太麻里鄉(往金針山茶區之半路上),1997/04/24,,本站於2019/3/5起進行儀器汰換，於2019/6/7完成驗收。,,
C0S700,知本,507.0,121.005642,22.684866,臺東縣,卑南鄉溫泉村(溫泉國小之樂山分校內),1997/04/24,,本站於2019/2/23進行儀器汰換，於2019/6/7完成驗收。,,
C0S710,鹿野,382.0,121.12299399999999,22.917710999999997,臺東縣,鹿野鄉鹿野高台高眺亭公廁東側草地上,1997/04/22,,於2015/1/1短距離位移。本站於2019/3/20起進行儀器汰換，於2019/6/7完成驗收。,,
C0S730,綠島,110.0,121.47533,22.6672,臺東縣,綠島鄉,1997/06/14,,本站於2019/3/25起進行儀器汰換，於2019/6/7完成驗收。,,
C0S740,池上,289.0,121.209469,23.119628,臺東縣,池上鄉新興村104號(退輔會臺東農場內),1997/05/08,,本站於2019/3/22起進行儀器汰換，於2019/6/7完成驗收。,,
C0S750,向陽,2280.0,120.98613300000001,23.248397,臺東縣,海端鄉向陽(公路局向陽工務段圍牆內),1997/05/17,,本站於2019/4/16起進行儀器汰換，於2019/6/7完成驗收。,,
C0S760,紅石,1621.0,121.12621899999999,23.069131,臺東縣,海端鄉紅石(紅石瞭望臺旁),1997/05/16,,本站於2019/4/14起進行儀器汰換，於2019/6/7完成驗收。,,
C0S770,大溪山,375.0,120.943325,22.478475,臺東縣,太麻里鄉多良村(廢棄中華電信轉播站旁),1997/04/27,,本站於2019/3/8起進行儀器汰換，於2019/6/7完成驗收。,,
C0S790,金崙,236.0,120.966875,22.538122,臺東縣,太麻里鄉金崙段0304-1地號,2004/04/12,,本站於2019/2/26起進行儀器汰換，於2019/6/7完成驗收。,,
C0S810,東河,65.0,121.30398600000001,22.972672,臺東縣,東河鄉北東河17鄰26號(東河國民小學操場旁),2004/06/01,,原(C1S640)站因擴充為氣象站，於2004/6/1升級為(C0S810)站。本站於2019/3/31起進行儀器汰換，於2019/6/7完成驗收。,C1S640,
C0S830,長濱,288.0,121.411975,23.286817000000003,臺東縣,長濱鄉竹湖村移民橋後方山頂三角點旁,2004/06/01,,原(C1S650)站因擴充為氣象站，於2004/6/1升級為(C0S830)站。本站於2019/3/30起進行儀器汰換，於2019/6/7完成驗收。,C1S650,
C0S840,南田,22.0,120.88920800000001,22.279725,臺東縣,達仁鄉南田村南田風景區公園對面,2004/04/12,,本站於2019/3/13起進行儀器汰換，於2019/6/7完成驗收。,,
C0S890,關山,238.0,121.175017,23.0395,臺東縣,關山鎮親水公園內,2015/12/06,,本站於2019/3/21起進行儀器汰換，於2019/6/7完成驗收。,,
C0S900,蘭嶼高中,27.0,121.51213999999999,22.04909,臺東縣,蘭嶼鄉椰油村37號（蘭嶼高中內）,2018/10/26,,,,
C0S910,蘭嶼燈塔,212.0,121.49508999999999,22.083029999999997,臺東縣,蘭嶼鄉椰油段1-7地號（蘭嶼燈塔旁）,2018/10/26,,,,
C0S920,金峰嘉蘭,133.0,120.960903,22.598758,臺東縣,金峰鄉嘉蘭村12鄰665號(金峰鄉嘉蘭村活動中心),2019/07/05,,,,
C0S930,延平,248.0,121.08405800000001,22.902581,臺東縣,臺東縣延平鄉昇平路75號(延平消防分隊),2019/07/05,,,,
C0S940,石寧山,150.0,121.40663899999998,23.223772,臺東縣,長濱鄉寧埔村石寧山附近山區,2019/07/05,,,,
C0S950,七塊厝,415.0,121.229922,22.954453,臺東縣,東河鄉尚德村七塊厝產業道路附近山區,2019/07/05,,,,
C0S960,香蘭,32.0,120.993375,22.587569000000002,臺東縣,太麻里鄉香蘭村四鄰28號 (香蘭國小),2019/11/28,,,,
C0S970,加津林,19.0,120.926942,22.416210999999997,臺東縣,大武鄉大竹村14鄰加津林4號(舊高溪派出所),2019/07/05,,,,
C0S980,勝林山,903.0,120.8938,22.430439,臺東縣,達仁鄉勝林山山頂停機坪旁(與大武鄉交界附近),2019/07/05,,,,
C0S990,山豬窟,409.0,120.857372,22.318619,臺東縣,大武鄉南興村山豬窟產業道路附近山區(梅園涼亭旁),2019/07/05,,,,
C0SA00,歷坵,466.0,120.89185,22.520969,臺東縣,金峰鄉歷坵產業道路附近山區,2019/07/05,,,,
C0SA10,檳榔四格山,411.0,121.10930800000001,22.810031,臺東縣,卑南鄉檳榔四格山山頂瞭望臺旁,2019/07/05,,,,
C0SA20,金崙山,857.0,120.959667,22.567419,臺東縣,太麻里鄉富山產業道路附近山區(與金峰鄉交界附近),2019/07/05,,,,
C0SA30,都歷,93.0,121.32364199999999,23.020332999999997,臺東縣,成功鎮新村路25號(東部海岸國家風景區管理處),2019/07/05,,,,
C0SA40,瑞和,200.0,121.156697,22.974361,臺東縣,鹿野鄉瑞和村瑞景路3段1號(瑞源國中),2019/07/05,,,,
C0SA60,知本（水試所）,11.0,121.082761,22.702394,臺東縣,臺東縣臺東市知本路2段291巷299號,2020/04/09,,,,
C0SA80,土坂,136.0,120.88748799999999,22.452922,臺東縣,達仁鄉土坂村1鄰10號(土坂國民小學操場旁),2019/06/07,,原(C1S620)站因擴充為氣象站，於2019/3/23升級為(C0SA80)站。,C1S620,
C0SA90,達仁林場,497.0,120.823972,22.264347,臺東縣,臺東縣達仁鄉臺東達五號農路4K處,2020/04/09,,,,
C0T790,大禹嶺,2830.0,121.31608600000001,24.186117000000003,花蓮縣,秀林鄉立霧溪事業區67林班地(救國團大禹山莊),1994/11/18,,,,
C0T820,天祥,550.0,121.49563899999998,24.179597,花蓮縣,秀林鄉立霧溪事業區80林班地(天祥祥德寺),1995/06/27,,本站於2017/9/23起進行儀器汰換，於2017/12/1完成驗收。,,
C0T870,鯉魚潭,135.0,121.508944,23.935639000000002,花蓮縣,壽豐鄉池南村池南路一段8號(鯉魚潭風景區旁),1995/05/03,,本站於2017/4/7起進行儀器汰換，於2017/6/3完成驗收。,,
C0T900,西林,160.0,121.44145800000001,23.8119,花蓮縣,萬榮鄉西林路8鄰114號(西林國民小學運動場旁),2010/07/01,,原(C1T900)站因擴充為氣象站，於2010/7/1升級為(C0T900)站，2017/4/14起進行儀器汰換，於2017/6/3完成驗收。,C1T900,
C0T960,光復,120.0,121.42496399999999,23.660694,花蓮縣,光復鄉大進村糖廠街19號(台糖公司花蓮光復糖廠內),1995/05/03,,本站於2017/5/3起進行儀器汰換，於2017/6/3完成驗收。,,
C0T9A0,月眉山,498.0,121.539828,23.809928,花蓮縣,壽豐鄉月眉山旁的小山丘上(過米棧大橋往山上水璉方向至四號橋左轉之山上),2000/08/11,,本站於2017/5/11起進行儀器汰換，於2017/6/3完成驗收。,,
C0T9B0,水源,558.0,121.53716899999999,23.991861,花蓮縣,秀林鄉原林務局水源段的苗圃內,2000/08/07,,本站於2017/3/27起進行儀器汰換，於2017/6/3完成驗收。,,
C0T9D0,和中,8.0,121.74103000000001,24.26676,花蓮縣,秀林鄉秀林村62號(和平國小和中分校校園內),2004/04/12,,本站於2017/10/12進行儀器汰換及短距離移位，於2017/12/1完成驗收。,,
C0T9E0,大坑,415.0,121.581981,23.880628,花蓮縣,壽豐鄉10鄰山嶺80之1號(中華電信公司賀田山機房)旁,2004/04/08,,本站於2017/4/20起進行儀器汰換，於2017/6/3完成驗收。,,
C0T9F0,水璉,251.0,121.54251399999998,23.797131,花蓮縣,壽豐鄉水璉村,2004/04/12,,本站於2017/4/27起進行儀器汰換，於2017/6/3完成驗收。,,
C0T9G0,鳳林山,605.0,121.42013100000001,23.735269,花蓮縣,鳳林鎮,2004/04/26,,本站於2017/4/6起進行儀器汰換，於2017/6/3完成驗收。,,
C0T9H0,加路蘭山,725.0,121.5274,23.682947,花蓮縣,豐濱鄉臨海段776-4號,2004/04/12,,本站於2017/4/19起進行儀器汰換，於2017/6/3完成驗收。,,
C0T9I0,豐濱,152.0,121.51480600000001,23.583897,花蓮縣,豐濱鄉豐濱村,2004/04/12,,本站於2017/4/25起進行儀器汰換，於2017/6/3完成驗收。,,
C0T9M0,靜浦,92.0,121.495028,23.455167000000003,花蓮縣,豐濱鄉靜浦村活動中心後山上,1997/04/30,,原(C0S720)站因縣市代碼不符，於2008/2/25重新編碼為(C0T9M0)站。本站於2019/4/9起進行儀器汰換，於2019/6/7完成驗收。,C0S720,
C0T9N0,富里,261.0,121.24937800000001,23.171639000000003,花蓮縣,富里鄉永安街52號(富里國小),2019/07/05,,,,
C0U520,雙連埤,517.0,121.64130300000001,24.753033,宜蘭縣,員山鄉雙連埤地區(需徒步20分鐘),2010/01/01,,原(C1U521)站因擴充為氣象站，於2010/7/1升級為(C0U520)站，於2017/12/26進行儀器汰換，於2018/3/23完成驗收。,C1U521,
C0U600,礁溪,10.0,121.76553600000001,24.817544,宜蘭縣,礁溪鄉礁溪路四段23號(礁溪國民中學教室後宿舍旁),1995/04/26,,本站於2017/11/9進行儀器汰換，於2018/3/23完成驗收。,,
C0U650,玉蘭,442.0,121.587061,24.675286,宜蘭縣,大同鄉松羅村鹿場路11號(往松羅山頂瞭望亭旁),1995/07/28,,本站於2017/10/9進行儀器汰換，於2017/12/1完成驗收。,,
C0U710,太平山,1942.0,121.52565600000001,24.505485999999998,宜蘭縣,大同鄉太平山93林班地(林務局路標22.3k處),1995/05/29,,本站於2017/12/13進行儀器汰換，於2018/3/23完成驗收。,,
C0U720,南山,1260.0,121.38167,24.43742,宜蘭縣,大同鄉南山村4鄰埤南巷31-3號(南山國民小學內),2018/03/23,,原(C1U720)站因擴充為氣象站，於2018/3/23升級為(C0U720)站。,C1U720,
C0U750,龜山島,398.0,121.95313300000001,24.841667,宜蘭縣,頭城鎮龜山島山頂401高地觀景台,2002/09/13,,本站為觀光局所設，交由本局管理。本站於2017/11/24進行儀器汰換，於2018/3/23完成驗收。,,
C0U760,東澳,22.0,121.83318,24.52196,宜蘭縣,南澳鄉東岳村蘇花路三段209號(東澳國小校園內),2004/04/12,,本站於2017/12/19進行儀器汰換，於2018/3/23完成驗收。,,
C0U770,南澳,5.0,121.81022,24.44935,宜蘭縣,南澳鄉中央氣象局地震中心系統維護課之南澳地震站,2005/08/15,,本站於2017/10/27進行儀器汰換，於2017/12/1完成驗收。,,
C0U780,五結,15.0,121.79794,24.68637,宜蘭縣,五結鄉五結中路二段88號(五結國小),2010/04/17,,本站於2017/10/13進行儀器汰換，於2017/12/1完成驗收。,,
C0U860,頭城,5.0,121.8308,24.85323,宜蘭縣,頭城鎮協天路468號(中華電信頭城海纜站內),2017/12/01,,原(C1U860)站因移位升氣，於2017/12/1變更為(C0U860)站。,C1U860,
C0U870,大礁溪,474.0,121.67505,24.79104,宜蘭縣,礁溪鄉二結村一鄰9-1號(國立宜蘭大學實驗林場),2017/12/01,,原(C1U610)站因移位升氣，於2017/12/1變更為(C0U870)站。,,
C0U890,三星,116.0,121.65302,24.668120000000002,宜蘭縣,三星鄉月眉街54號(三星國中),2017/12/01,,原(C1U660)站因移位升氣，於2017/12/1變更為(C0U890)站。,C1U660,
C0U900,內城,63.0,121.68766000000001,24.71813,宜蘭縣,員山鄉內城路545號(內城國民中小學),2017/12/01,,原(C1U630)站因移位升氣並更名，於2017/12/1變更為(C0U900)站。,C1U630,
C0U910,冬山,17.0,121.7937,24.63373,宜蘭縣,冬山鄉冬山路98-5號(冬山消防分隊),2017/12/01,,原(C0U680)站因移位，於2017/12/1變更為(C0U910)站。,C0U680,
C0U940,羅東,25.0,121.74933999999999,24.68184,宜蘭縣,羅東鎮羅東運動公園南側(北成路二段停車場旁自行車道入口),2017/12/01,,,,
C0U950,鶯子嶺,1012.0,121.79243999999998,24.89754,宜蘭縣,頭城鎮鶯子嶺通信站區內,2017/12/01,,,,
C0U960,翠峰湖,1885.0,121.60804399999999,24.510856,宜蘭縣,大同鄉太平山翠峰湖停車場木棧道旁,2018/03/23,,,,
C0U970,大福,7.0,121.81388999999999,24.800639999999998,宜蘭縣,壯圍鄉大福路一段62巷26號(大福國小),2017/12/01,,,,
C0U980,坪林石牌,573.0,121.77396,24.86478,宜蘭縣,頭城鎮與新北市坪林區交界附近之國有林班地(位於坪林石牌附近山區),2017/12/01,,,,
C0U990,員山,31.0,121.72247,24.74435,宜蘭縣,員山鄉員山村復興路39號(員山國小),2017/12/01,,,,
C0UA00,土場,392.0,121.495333,24.576532999999998,宜蘭縣,大同鄉土場,2018/03/23,,,,
C0UA10,鴛鴦湖,1711.0,121.412228,24.590269,宜蘭縣,大同鄉100線林道約15K(太平山事業區32林班內，鴛鴦湖工作站旁空地),2018/03/23,,,,
C0UA20,多加屯,2619.0,121.373189,24.368614,宜蘭縣,大同鄉南湖大山指標8.4K處(多加屯避難山屋附近),2017/12/28,,,,
C0UA30,白嶺,1397.0,121.51903100000001,24.527819,宜蘭縣,大同鄉太平山白嶺苗圃內,2018/03/23,,,,
C0UA40,西德山,1121.0,121.75260800000001,24.560647,宜蘭縣,南澳鄉安平坑林道(力霸產業道路)附近山區(南澳事業區28林班內),2018/05/09,,,,
C0UA50,西帽山,808.0,121.802628,24.555360999999998,宜蘭縣,南澳鄉台泥大白山運石道附近山區(羅東事業區96林班內),2018/05/09,,,,
C0UA60,樟樹山,566.0,121.78325,24.41393,宜蘭縣,南澳鄉武塔村樟樹山附近山區,2018/03/23,,,,
C0UA70,桃源谷,547.0,121.888875,24.962606,宜蘭縣,頭城鎮及新北市貢寮區交界之桃源谷附近空地,2018/03/23,,,,
C0V210,復興,734.0,120.80608899999999,23.222403,高雄市,桃源區復興里復興巷1鄰15號,2013/04/18,,原(C1V210)站因擴充為氣象站，於2013/4/18升級為(C0V210)站。,C1V210,
C0V250,甲仙,298.0,120.59175800000001,23.080106,高雄市,甲仙區(甲仙國民中學操場後方小山丘上),1992/01/21,,本站於2013/3/13進行儀器汰換，並於2013/4/18完成驗收。,,
C0V260,月眉,126.0,120.53985300000001,22.971003,高雄市,杉林區月眉里山仙路1號月眉農場,2013/08/01,,原(C1V260)站因擴充為氣象站，於2013/8/1升級為(C0V260)站。,C1V260,
C0V310,美濃,46.0,120.519153,22.898742000000002,高雄市,美濃區福安里中山路二段204巷65號(美濃區福安國小後方),1992/01/22,,本站於 2013/6/15 進行儀器汰換，並於2013/8/1完成驗收。,,
C0V350,溪埔,36.0,120.446797,22.738578,高雄市,大樹區溪埔里之台29線近83K處,2013/12/01,,原(C1V350)站因擴充為氣象站，於2013/12/1升級為(C0V350)站。,C1V350,
C0V360,內門,94.0,120.466769,22.975481,高雄市,內門區木柵里木柵3號（木柵國民小學）,2013/12/01,,原(C1V360)站因擴充為氣象站，於2013/12/1升級為(C0V360)站。,C1V360,
C0V370,古亭坑,74.0,120.40194699999999,22.893178,高雄市,田寮區古亭里,1992/05/01,,本站因儀器汰換，自2013/8/31起暫停資料提供，並於2013/12/1完成驗收。,,
C0V400,阿公店,56.0,120.355528,22.804194,高雄市,燕巢區西燕里工程路1號（阿公店水庫內）,2013/12/01,,原(C1V400)站因擴充為氣象站，於2013/12/1升級為(C0V400)站。,C1V400,
C0V440,鳳山,27.0,120.356122,22.646653,高雄市,鳳山區文山路園藝巷4號（鳳山熱帶園藝試驗分所）,2013/12/01,,原(C1V440)站因移位及擴充為氣象，於2013/12/1升級為(C0V440)站。,C1V440,
C0V450,鳳森,51.0,120.392592,22.545064,高雄市,小港區水庫段96-1地號（鳳山給水廠內）,2013/12/01,,原(C1V451)站因擴充為氣象站，於2013/12/1升級為(C0V450)站。,C1V451,
C0V490,新興,20.0,120.298803,22.627422,高雄市,新興區大同一路231號(大同國小內5樓頂),2009/10/13,,本站於2013/9/12起進行儀器汰換，並於2013/12/1完成驗收。,,
C0V500,旗津,6.0,120.285944,22.5886,高雄市,旗津區中洲二路207號(旗津國中校園內),2009/10/20,,本站因儀器汰換，自2013/8/12起暫停資料提供，並於2013/12/1完成驗收。,,
C0V530,阿蓮,34.0,120.32750800000001,22.883208,高雄市,阿蓮區公所樓頂,2013/08/01,,原(C1V530)站因擴充為氣象站，於2013/8/1升級為(C0V530)站。,C1V530,
C0V610,梓官,22.0,120.267211,22.760558,高雄市,梓官區梓官路258號(梓官區公所),2013/10/01,,,,
C0V620,永安,18.0,120.236856,22.82315,高雄市,永安區永安路32號(永安消防分隊),2013/09/15,,,,
C0V630,茄萣,19.0,120.182608,22.906642,高雄市,茄萣區濱海路四段27號(茄萣區公所),2013/09/25,,,,
C0V640,湖內,35.0,120.2445,22.887139,高雄市,湖內區中山路一段290之1號(湖街派出所),2013/10/03,,,,
C0V650,彌陀,28.0,120.24636100000001,22.783806,高雄市,彌陀區中正北路7號(彌陀消防分隊),2013/09/26,,,,
C0V660,岡山,25.0,120.29495800000001,22.797078,高雄市,岡山區岡山路341號(岡山地政事務所),2013/10/02,,,,
C0V670,楠梓,20.0,120.286,22.71975,高雄市,楠梓區德民路1010號(國昌國民中學),2013/09/30,,,,
C0V680,仁武,40.0,120.34772199999999,22.701082999999997,高雄市,仁武區中正路133號(仁武區公所),2013/08/16,,,,
C0V690,鼓山,30.0,120.275575,22.623325,高雄市,鼓山區臨海一路61-1號(鼓山消防分隊),2013/09/29,,,,
C0V700,三民,24.0,120.311233,22.645017000000003,高雄市,三民區十全一路88號(十全消防分隊),2013/09/29,,,,
C0V710,苓雅,34.0,120.330669,22.622742000000002,高雄市,苓雅區三多一路162號(苓雅消防分隊),2013/10/03,,,,
C0V720,林園,15.0,120.39451100000001,22.507747,高雄市,林園區林園北路179號(林園區公所),2013/06/13,,,,
C0V730,大寮,33.0,120.39571699999999,22.605614000000003,高雄市,大寮區鳳林三路492號(大寮區公所),2013/06/13,,,,
C0V740,旗山,60.0,120.483597,22.888614,高雄市,旗山區延平一路499號(旗山區公所),2013/05/17,,,,
C0V750,路竹,50.0,120.25943899999999,22.854997,高雄市,路竹區國昌路76號(路竹區公所),2013/09/24,,,,
C0V760,橋頭,30.0,120.30575,22.757806,高雄市,橋頭區隆豐路1號(橋頭區公所),2013/08/30,,,,
C0V770,大社,26.0,120.346639,22.730306,高雄市,大社區自強街1號(大社區公所),2013/09/18,,,,
C0V790,萬山,410.0,120.688056,22.905944,高雄市,茂林區萬山段710地號,2013/10/22,,,,
C0V800,六龜,256.0,120.633583,22.997889,高雄市,六龜區民治路9號(六龜消防隊),2013/10/09,,,,
C0V810,左營,32.0,120.28491000000001,22.67491,高雄市,左營區左營大路1號(高雄市立海青高級工商職業學校資訊大樓樓頂),2015/09/09,,,,
C0V820,小林,441.0,120.63325,23.148408,高雄市,甲仙區五里路24-2號（小林國小）,2018/12/20,,,,
C0W110,東莒,16.0,119.98069,25.9652,連江縣,莒光鄉福正村1號(福正抽水機房，莒光遊客中心後方),2016/04/11,,,,
C0W120,西嶼,58.0,119.46843600000001,23.5626,澎湖縣,西嶼鄉195號(西嶼燈塔西方),2016/04/19,,,,
C0W130,花嶼,18.0,119.32276,23.40007,澎湖縣,望安鄉花嶼村2號(花嶼國民小學),2016/04/16,,,,
C0W140,金沙,21.0,118.408778,24.488292,金門縣,金沙鎮環島北路四段465號(金門縣自來水廠榮湖淨水場),2016/08/16,,,,
C0W150,金寧,42.0,118.32898899999999,24.457703,金門縣,金寧鄉頂林路315號(金門縣消防局),2016/08/16,,,,
C0W160,烏坵,49.0,119.44956,24.9944,金門縣,烏坵鄉,2016/08/17,,,,
C0W170,東引,42.0,120.483631,26.358836,連江縣,東引鄉（東引機場候機室旁）,2017/06/08,,,,
C0X050,東河,25.0,120.385608,23.296598,臺南市,東山區東河里54號(東河水利工作站),2015/07/01,,原(C1X050)站因擴充為氣象站及移位，於2015/7/1升級為(C0X050)站。,C1X050,
C0X060,下營,19.0,120.25626100000001,23.22695,臺南市,下營區仁里里下營國小附近,2015/07/01,,原(C1X060)站因擴充為氣象站，於2015/7/1升級為(C0X060)站。,C1X060,
C0X080,佳里,2.0,120.145086,23.173039000000003,臺南市,佳里區西方之埔尾，近七股區之篤加,1992/12/09,,本站於2015/5/11起進行儀器汰換，並於2015/7/1完成驗收。,,
C0X100,臺南市北區,10.0,120.19422800000001,23.010394,臺南市,北區文賢路678號(和緯消防分隊),2013/02/20,,,,
C0X110,臺南市南區,20.0,120.188378,22.961189,臺南市,南區明興路2號(南區區公所),2013/02/20,,,,
C0X120,麻豆,28.0,120.24861100000001,23.183289000000002,臺南市,麻豆區興國路9號(麻豆消防分隊5樓頂),2013/03/09,,,,
C0X130,官田,27.0,120.315422,23.193217,臺南市,官田區中山路一段132號(官田區公所),2013/03/01,,,,
C0X140,西港,17.0,120.20310800000001,23.125608,臺南市,西港區中山路450號(西港消防分隊4樓頂),2013/03/01,,,,
C0X150,安定,18.0,120.22783899999999,23.102614000000003,臺南市,安定區南安村油車33之11號(安定消防分隊3樓頂),2013/03/15,,,,
C0X160,仁德,26.0,120.25768899999998,22.968258,臺南市,仁德區仁義路432號(仁德消防分隊),2013/02/28,,,,
C0X170,關廟,50.0,120.327797,22.963017,臺南市,關廟區中正路998號(關廟區公所3樓頂),2013/05/09,,,,
C0X180,山上,62.0,120.363253,23.0757,臺南市,山上區豐德里隙子口5之1號(中油豐德供油中心2樓頂),2013/03/15,,,,
C0X190,安平,10.0,120.152181,22.993160999999997,臺南市,安平區城平路2號(台江國家公園管理處),2013/02/21,,,,
C0X200,左鎮,61.0,120.40852199999999,23.056758,臺南市,左鎮區中正里171號之4(左鎮區公所),2013/03/07,,2016/10/18因公所施工暫時無法提供資料，2017/1/24完工。,,
C0X210,白河,38.0,120.414427,23.347466,臺南市,白河區中山路6號(白河消防分隊),2015/04/08,,,,
C0X220,學甲,26.0,120.18218700000001,23.230367,臺南市,學甲區華宗路313號(學甲區公所),2015/05/18,,,,
C0X230,鹽水,29.0,120.24764099999999,23.272621,臺南市,鹽水區竹埔里1號(竹埔派出所),2015/04/15,,,,
C0X240,關子嶺,394.0,120.508025,23.331169,臺南市,白河區關嶺里94-3號(仙草國小關嶺分校),2015/04/12,,於2015/12/8短距離移位。本站於2015/11/23起進行儀器汰換，並於2015/12/8完成驗收。,,
C0X250,新營,33.0,120.316698,23.310712,臺南市,新營區中正路30號(南瀛親子館),2015/04/10,,,,
C0X260,後壁,39.0,120.362326,23.366357999999998,臺南市,後壁區後壁里129號(後壁圖書館),2015/04/09,,,,
C0X280,將軍,22.0,120.13577,23.214999,臺南市,將軍區將貴里58號(將軍國小),2015/04/15,,,,
C0X290,北門,10.0,120.12548100000001,23.267772,臺南市,北門區北門里舊埕108號(北門區公所),2015/07/22,,,,
C0X300,鹿寮,70.0,120.477331,23.386047,臺南市,白河區崎內里12號(鹿寮水庫),2015/10/28,,,,
C0X310,七股,9.0,120.086253,23.147289,臺南市,七股區鹽埕237-11號(氣象局七股雷達站區內),2015/12/27,,,,
C0X320,柳營,30.0,120.375253,23.253328,臺南市,臺南市柳營區國道3號北上324.7K處,2020/02/05,,,,
C0Z020,明里,211.0,121.26234199999999,23.208717,花蓮縣,富里鄉明里村明里社區後方山上,2010/07/01,,原(C1Z020)站因擴充為氣象站，於2010/7/1升級為(C0Z020)站。本站於2017/8/29起進行儀器汰換，於2017/12/1完成驗收。,C1Z020,
C0Z050,佳心,824.0,121.21316000000002,23.345670000000002,花蓮縣,卓溪鄉佳心(玉山國家公園內，距花蓮卓溪鄉南安遊客步行2.5時之日據時代派出所舊址),1997/04/24,,本站於2017/9/3起進行儀器汰換，於2017/12/1完成驗收。,,
C0Z061,玉里,174.0,121.339656,23.3215,花蓮縣,玉里鎮樂合里新民41號(樂合國小),2008/02/20,,原(C0Z060)站因移位，於2008/2/20更變為(C0Z061)站。本站於2017/8/17起進行儀器汰換，於2017/12/1完成驗收。,C0Z060,
C0Z070,舞鶴,247.0,121.37406999999999,23.46811,花蓮縣,瑞穗鄉舞鶴村加納納山三角點旁,1997/04/17,,本站於2017/6/21起進行儀器汰換，於2017/12/1完成驗收。,,
C0Z080,富源,298.0,121.378225,23.587642000000002,花蓮縣,光復鄉大豐村9鄰265號(富源國中對面之半山腰上),2011/10/24,,本站於2017/6/19起進行儀器汰換，於2017/12/1完成驗收。,,
C0Z100,東華,36.0,121.549833,23.89525,花蓮縣,壽豐鄉大學路二段1號（國立東華大學）,2013/11/27,,本站於2017/3/29起進行儀器汰換，於2017/6/3完成驗收。,,
C0Z150,吉安光華,27.0,121.595153,23.930925,花蓮縣,吉安鄉南濱路一段531號(水資源回收中心),2017/06/03,,,,
C0Z160,鳳林,124.0,121.45341100000002,23.746114000000002,花蓮縣,鳳林鎮信義路200號(鳳林地政事務所),2017/06/03,,原(C1T930)站因移位及升級，於2017/6/3升級為(C0Z120)站。,C1T930,
C0Z170,卓溪,199.0,121.3033,23.34425,花蓮縣,卓溪鄉卓溪村中正路65-5號(卓溪鄉立圖書館),2017/12/01,,原(C1Z010)站因移位升氣，於2017/12/1變更為(C0Z170)站。,C1Z010,
C0Z180,新城,34.0,121.60453999999999,24.039460000000002,花蓮縣,新城鄉大漢村光復路570號(新城鄉公所),2017/12/01,,原(C0T841)站因移位，於2017/12/1更變為(C0Z180)站。,C0T841,
C0Z190,富世,62.0,121.6297,24.14743,花蓮縣,秀林鄉富世村127號(富世國小校園內),2017/12/01,,原(C0T9C0)站因移位，於2017/12/1變更為(C0Z190)站。,C0T9C,
C0Z200,萬榮,153.0,121.420106,23.709219,花蓮縣,鳳林鎮長橋里長橋路2號(長橋國小),2017/06/03,,,,
C0Z210,瑞穗,126.0,121.39021000000001,23.5239,花蓮縣,瑞穗鄉鶴岡村167號(鶴岡國小),2017/12/01,,,,
C0Z220,和平林道,589.0,121.65631699999999,24.343922,花蓮縣,秀林鄉臺電公司東部發電廠碧海機組廠區內(進入管制哨約7公里處),2018/03/23,,,,
C0Z230,和平,31.0,121.77006999999999,24.307170000000003,花蓮縣,秀林鄉克來寶段399地號(和平工業港安檢所綠洲分隊),2017/12/01,,,,
C0Z250,瑞穗林道,1124.0,121.30688,23.49284,花蓮縣,卓溪鄉瑞穗林道約7.5K瑞欣礦區下方空地,2017/12/01,,,,
C0Z270,蕃薯寮,343.0,121.540108,23.73835,花蓮縣,壽豐鄉水璉村蕃薯寮附近山區道路旁(牛山段607地號內),2017/06/03,,,,
C0Z280,德武,224.0,121.41071000000001,23.47426,花蓮縣,玉里鎮德武里附近山區道路旁(德武段680地號內),2017/12/01,,,,
C0Z290,赤柯山,946.0,121.38293,23.36893,花蓮縣,玉里鎮赤柯山段338地號,2017/12/01,,,,
C0Z300,東里,182.0,121.30547,23.26853,花蓮縣,富里鄉東里村大莊路52號(東里消防分隊),2017/12/01,,,,
C0Z310,清水斷崖,59.0,121.68914199999999,24.218294,花蓮縣,秀林鄉臺9線大清水遊憩區下方空地,2018/03/23,,,,
C0Z320,清水林道,646.0,121.188272,23.27125,花蓮縣,卓溪鄉清水林道北側山區(新生段1地號),2018/05/09,,,,
C0Z330,安通山,488.0,121.348528,23.290728,花蓮縣,玉里鎮安通產業道路附近山區,2018/05/09,,,,
C1A630,下盆,527.0,121.538622,24.771003,新北市,烏來區東勢溪中游(步行一小時),1987/05/01,,,,
C1A9N0,四十份,435.0,121.59328300000001,24.934158,新北市,新店區北宜路旁(文山事業區第四林班),2000/06/01,,,,
C1AC50,關渡,111.0,121.46933100000001,25.133485999999998,臺北市,北投區學園路2號(臺北城市科技大學校園內5樓頂),1992/02/27,,原(C1A970)站因與三貂角氣象站(C0A970)重複編號，於2008/2/25起變更站碼為(C1AC50)。2009/2/18～2009/2/19原址儀器汰換，原站址位於校園內，汰換後移至樓頂。,C1A970,
C1C510,水尾,106.0,121.08716100000001,24.940081,桃園市,楊梅區豐野里1鄰151號(富崗水尾工作站內),1987/06/01,,,,
C1D380,新埔,65.0,121.03833999999999,24.84745,新竹縣,新埔鎮下寮里43號義民廟右方路旁,1987/06/01,,,,
C1D400,鳥嘴山,839.0,121.28387,24.719089999999998,新竹縣,尖石鄉新樂村復興礦場,1987/06/01,,,,
C1D410,白蘭,1290.0,121.079947,24.579364,新竹縣,五峰鄉桃山村,1987/06/01,,,,
C1D420,太閣南,1279.0,121.160575,24.632807999999997,新竹縣,五峰鄉羅山工作站後方山頂羅山瞭望台旁,1987/06/01,,,,
C1D630,飛鳳山,462.0,121.119178,24.766464000000003,新竹縣,芎林鄉王爺坑段83-7號地,2011/09/27,,,,
C1D640,外坪(五指山),718.0,121.09096100000001,24.644447,新竹縣,北埔鄉大坪段內大坪小段36-54號地,2011/09/27,,原名為外坪，於2016/4/26更名為外坪(五指山)。,,
C1E451,象鼻,950.0,120.940228,24.368617,苗栗縣,泰安鄉象鼻村,2011/11/01,,原(C1E450)站因儀器汰換，於2011/11/1更變為(C1E451)站。,C1E450,
C1E461,松安,1325.0,120.98602199999999,24.397972,苗栗縣,泰安鄉雪霸國家公園二本松解說站旁,2011/11/1,,原(C1E460)站因儀器汰換，於2011/11/1更變為(C1E461)站。,C1E460,
C1E480,鳳美,576.0,121.034747,24.554803,苗栗縣,南庄鄉東河村24鄰石門1號(南庄往鹿場途中),1990/07/01,,,,
C1E511,新開,326.0,120.82701899999999,24.347703,苗栗縣,大湖鄉新開村新開4鄰20號旁,2011/11/01,,原(C1E510)站因儀器汰換，於2011/11/1更變為(C1E511)站。,C1E510,
C1E601,南勢,125.0,120.73484199999999,24.572485999999998,苗栗縣,後龍鎮南港里南勢山,2011/11/01,,原(C1E600)站因儀器汰換，於2011/11/1更變為(C1E601)站。,C1E600,
C1E670,南礦,1209.0,121.00283600000002,24.538278,苗栗縣,南庄鄉蓬萊林道末端(南庄事業區18林班地),2002/05/09,,,,
C1E681,南勢山,977.0,120.923831,24.421669,苗栗縣,泰安鄉大興村(從泰安國小進入站址車程約10分鐘),2011/11/01,,原(C1E680)站因儀器汰換，於2011/11/1更變為(C1E681)站。,C1E680,
C1E691,南湖,786.0,120.83753300000001,24.40135,苗栗縣,大湖鄉(位於南湖台3線135k處之吊樑道山上),2011/11/01,,原(C1E690)站因儀器汰換，於2011/11/1更變為(C1E691)站。,C1E690,
C1E701,八卦,737.0,120.92761899999999,24.491756,苗栗縣,泰安鄉(與八卦派出所相距約1.2k處),2011/11/01,,原(C1E700)站因儀器汰換，於2011/11/1更變為(C1E701)站。,C1E700,
C1E711,馬拉邦山,990.0,120.901656,24.367306,苗栗縣,大湖鄉東興村(馬拉邦山登山口),2011/11/01,,原(C1E710)站因儀器汰換，於2011/11/1更變為(C1E711)站。,C1E710,
C1E721,泰安,1409.0,120.96803600000001,24.489017,苗栗縣,泰安鄉橫龍古道上(走路約5分鐘)之大湖事業區18林班地,2011/11/01,,原(C1E720)站因儀器汰換，於2011/11/1更變為(C1E721)站。,C1E720,
C1E770,公館,83.0,120.83080600000001,24.526914,苗栗縣,公館鄉鶴岡村178號(鶴岡國中),2011/04/24,,,,
C1F871,上谷關,1000.0,121.018644,24.203483,臺中市,和平區(博愛國小谷關分校附近),2011/11/01,,原(C1F870)站因儀器汰換，於2011/11/1更變為(C1F871)站。,C1F870,
C1F891,稍來,2205.0,121.00114199999999,24.265689000000002,臺中市,和平區八仙山事業區49林班地船型山苗圃廢棄觀測坪附近,2011/11/01,,原(C1F890)站因儀器汰換，於2011/11/1更變為(C1F891)站。,C1F890,
C1F911,新伯公,417.0,120.84106899999999,24.221360999999998,臺中市,東勢區詒福段163地號(台電公司門前右前方),2011/11/01,,原(C1F910)站因儀器汰換，於2011/11/1更變為(C1F911)站。,C1F910,
C1F941,雪嶺,2620.0,121.026642,24.280586,臺中市,和平區雪嶺地區八仙山事業區60林班地小雪山莊後方水塔後山頂,2011/11/1,,原(C1F940)站因儀器汰換，於2011/11/1更變為(C1F941)站。,C1F940,
C1F9B1,桐林,130.0,120.73519399999999,24.066172,臺中市,霧峰區桐林里民生路(桐林國小斜對面),2011/11/01,,原(C1F9B0)站因儀器汰換，於2011/11/1更變為(C1F9B1)站。,C1F9B0,
C1F9C1,白冷,610.0,120.92988899999999,24.182844,臺中市,和平區天輪里天輪巷42號(臺中市和平區白冷國民小學校園內),2011/11/01,,原(C1F9C0)站因儀器汰換，於2011/11/1更變為(C1F9C1)站。,C1F9C0,
C1F9D1,白毛台,639.0,120.88693300000001,24.158325,臺中市,新社區福興里福民路13號旁,2011/11/1,,原(C1F9D0)站因儀器汰換，於2011/11/1更變為(C1F9D1)站。,C1F9D0,
C1F9E1,龍安,563.0,120.831961,24.1605,臺中市,新社區中和里內(距龍安橋約1.2k處),2011/11/1,,原(C1F9E0)站因儀器汰換，於2011/11/1更變為(C1F9E1)站。,C1F9E0,
C1F9F1,伯公龍,500.0,120.849047,24.272392,臺中市,東勢區勢林街(宏覺寺旁),2011/11/1,,原(C1F9F0)站因儀器汰換，於2011/11/1更變為(C1F9F1)站。,C1F9F0,
C1F9G1,慶福山,810.0,120.848378,24.180853,臺中市,東勢區(台8線10.5k往馬鞍農場方向.車程約半小時),2011/11/01,,原(C1F9G0)站因儀器汰換，於2011/11/1更變為(C1F9G1)站。,C1F9G0,
C1F9J1,清水林,723.0,120.820419,24.071242,臺中市,太平區136縣道9.5k處旁約500公尺,2011/11/01,,原(C1F9J0)站因儀器汰換，於2011/11/1更變為(C1F9J1)站。,C1F9J0,
C1F9W0,德基,1970.0,121.190261,24.254783,臺中市,和平區台8甲線69-70k處，彎入勝利路接翠巒產業道路約6.2km，路邊白色水塔旁,2011/09/08,,,,
C1G691,下水埔,110.0,120.5676,23.816114000000002,彰化縣,溪州鄉大莊國小(大庄村中橫巷1號),2011/10/06,,本站於2015/4/1起進行儀器汰換，並於2015/7/1完成驗收。,C1G690,
C1H000,翠峰,2454.0,121.205211,24.109397,南投縣,仁愛鄉翠峰段30地號東側旁(臺14甲線19-19.5k處的長途通信機房旁),1991/12/12,,本站於2015/7/27起進行儀器汰換，並於2015/12/31完成驗收。,,
C1H860,瑞岩,1840.0,121.18345,24.123772,南投縣,仁愛鄉,1991/12/12,,本站於2015/7/29起進行儀器汰換，並於2015/12/31完成驗收。,,
C1H900,清流,934.0,120.962997,24.080775,南投縣,仁愛鄉互助村,1991/12/12,,本站於2015/7/24起進行儀器汰換，並於2015/12/31完成驗收。,,
C1H920,長豐,736.0,120.879897,24.102039,南投縣,國姓鄉長豐村東二巷71號(仙徠山莊內),1991/12/12,,原名為長福，於2015/9/1更名為長豐。本站於2015/9/1起進行儀器汰換，並於2015/12/31完成驗收。,,
C1H941,雙冬,630.0,120.80218899999998,23.967378,南投縣,草屯鎮雙冬里,2011/11/01,,原(C1H940)站因儀器汰換，於2011/11/1更變為(C1H941)站。,C1H940,
C1H971,六分寮,428.0,120.6378,23.92507,南投縣,南投市鳳鳴里八卦路831號(南投縣政府消防局第一大隊鳳鳴分隊),2011/11/1,,原(C1H970)站因儀器汰換，於2011/11/1更變為(C1H971)站。2017/3/1短距離移位施工。原址為鳳鳴里八卦路894號(西嶺國小校門口對面)，2017/4/1啟用,C1H970,
C1H9B1,阿眉,1710.0,120.994672,24.1263,南投縣,仁愛鄉(水利局雨量站旁),2011/11/1,,原(C1H9B0)站因儀器汰換，於2011/11/1更變為(C1H9B1)站。,C1H9B0,
C1I020,萬大,1120.0,121.13226100000001,23.979817,南投縣,仁愛鄉親愛村萬大水庫宿舍旁,1992/05/12,,本站於2015/8/11起進行儀器汰換，並於2015/12/31完成驗收。,,
C1I030,武界,948.0,121.05248300000001,23.913225,南投縣,仁愛鄉法治村,1992/05/03,,本站於2015/8/14起進行儀器汰換，並於2015/12/31完成驗收。,,
C1I050,丹大,2568.0,121.141147,23.753747,南投縣,信義鄉丹大事業區第10林班地(瞭望臺旁),1992/05/01,,自2006年起，設備不再維護，暫時停止觀測。本站於2015/3/28起進行儀器汰換，並於2015/7/1完成驗收。,,
C1I070,和社,825.0,120.888861,23.591131,南投縣,信義鄉中橫同富村同和巷47號和社分社觀測坪內,1992/05/01,,本站於2015/9/14起進行儀器汰換，並於2015/12/31完成驗收。,,
C1I101,溪頭,1810.0,120.807647,23.661789000000002,南投縣,鹿谷鄉內湖村森林巷溪頭林營區(鳳凰山瞭望台旁),2011/11/01,,原(C1I100)站因儀器汰換，於2011/11/1更變為(C1I101)站。,C1I100,
C1I121,大鞍,1515.0,120.76001699999999,23.678380999999998,南投縣,竹山鎮樟空倫山之三角點附近,2011/11/01,,原(C1I120)站因儀器汰換，於2011/11/1更變為(C1I121)站。,C1I120,
C1I131,桶頭,311.0,120.654117,23.641944,南投縣,竹山鎮鯉南路338號旁,2011/11/01,,原(C1I130)站因儀器汰換，於2011/11/1更變為(C1I131)站。,C1I130,
C1I140,卡奈托灣,1700.0,121.08787199999999,23.754364000000002,南投縣,信義鄉丹大事業區第16林班地,1993/01/21,,本站於2015/4/1起進行儀器汰換，並於2015/7/1完成驗收。,,
C1I150,青雲,393.0,120.949378,23.793360999999997,南投縣,信義鄉地利村5鄰開信巷98-3號旁,1992/12/01,,本站於2015/9/11起進行儀器汰換，並於2015/12/31完成驗收。,,
C1I201,中心崙,677.0,120.712097,23.728722,南投縣,竹山鎮之中心崙林道4.1km處,2011/11/01,,原(C1I200)站因儀器汰換，於2011/11/1更變為(C1I201)站。,C1I200,
C1I211,蘆竹湳,529.0,120.811994,23.934019,南投縣,中寮鄉清水村龍林巷4鄰58之6號旁,2011/11/01,,原(C1I210)站因儀器汰換，於2011/11/1更變為(C1I211)站。,C1I210,
C1I220,樟湖,1098.0,120.84698300000001,23.905333,南投縣,國姓鄉147縣道9km處與站址直線距離約1.6km,2002/05/04,,本站於2015/9/8起進行儀器汰換，並於2015/12/31完成驗收。,,
C1I230,九份二山,837.0,120.845,23.961944,南投縣,國姓鄉南港村九份二山上(921地震紀念公園內),2002/05/07,,更正座標。本站於2015/7/23起進行儀器汰換，並於2015/12/31完成驗收。,,
C1I240,外大坪,725.0,120.91793100000001,23.958697,南投縣,埔里鎮種瓜路(投68)路口至站址車程約20分鐘,2002/05/03,,本站於2015/7/20起進行儀器汰換，並於2015/12/31完成驗收。,,
C1I250,鯉潭,732.0,120.99113100000001,23.961922,南投縣,埔里鎮埔里高工旁中心路2km處,2002/04/30,,原名為埔里，於2015/8/17更名為鯉潭。本站於2015/8/17起進行儀器汰換，並於2015/12/31完成驗收。,,
C1I260,北坑,601.0,121.00690300000001,23.9246,南投縣,埔里鎮麒麟里4鄰武界路31號旁,2002/05/02,,本站於2015/8/7起進行儀器汰換，並於2015/12/31完成驗收。,,
C1I280,埔中,439.0,120.64259399999999,23.820778,南投縣,名間鄉埔中村11之3號後面,2002/02/28,,本站於2015/9/9起進行儀器汰換，並於2015/12/31完成驗收。,,
C1I290,豐丘,1151.0,120.887417,23.668178,南投縣,信義鄉豐丘村豐丘產業道路末端,2002/03/05,,本站於2015/9/17起進行儀器汰換，並於2015/12/31完成驗收。,,
C1I310,西巒,1033.0,120.88395600000001,23.754486,南投縣,信義鄉台21線道之人倫林道9.5k處,2002/04/25,,更正座標。本站於2015/8/21起進行儀器汰換，並於2015/12/31完成驗收。,,
C1I320,奧萬大,1275.0,121.178556,23.952956,南投縣,仁愛鄉奧萬大森林遊樂區內(員工宿舍),2002/05/15,,短距離移位。本站於2015/8/19起進行儀器汰換，並於2015/12/31完成驗收。,,
C1I330,楓樹林,1266.0,121.076117,23.986803,南投縣,仁愛鄉埔里事業區107林班地(臺14線近埔里市區),2002/05/01,,本站於2015/8/3起進行儀器汰換，並於2015/12/31完成驗收。,,
C1I340,新興橋,897.0,120.868728,23.563333,南投縣,信義鄉臺21線新興橋附近,2002/03/09,,本站於2015/9/15起進行儀器汰換，並於2015/12/31完成驗收。,,
C1I400,凌霄,1399.0,121.004456,24.018778,南投縣,仁愛鄉守城段4地號,2015/08/28,,,,
C1I430,翠華,2415.0,121.22433899999999,24.191961,南投縣,仁愛鄉翠華村華岡段70地號內,2015/08/06,,,,
C1I440,新高口,2540.0,120.87893899999999,23.478744,南投縣,信義鄉新高口(臺18線約107.5k處路旁，對高岳營林區第31林班446號林地內),1992/01/21,,原(C1M440)站因縣市代碼不符，於2015/4/13重新編碼為(C1I440)站。本站於2015/10/2起進行儀器汰換，並於2015/12/31完成驗收。,C1M440,
C1I450,望鄉山,3025.0,120.944286,23.594153,南投縣,信義鄉巒大事業區第131林班內(郡大林道約32K附近，望鄉山三角點旁),2015/11/06,,,,
C1I470,杉林溪,1680.0,120.78644399999999,23.639517,南投縣,竹山鎮大鞍里(杉林溪森林生態渡假園區收費亭附近，向欣谷碑旁),2015/11/05,,,,
C1I500,大尖山,2017.0,120.99488899999999,23.858572,南投縣,仁愛鄉大尖山,2015/11/12,,,,
C1I510,線浸林道,1208.0,120.83295600000001,23.761508,南投縣,鹿谷鄉線浸林道11k附近,2015/11/17,,,,
C1K540,口湖,15.0,120.180517,23.585344,雲林縣,口湖鄉口湖村中正路一段280號(口湖消防分隊),2015/10/30,,,,
C1M390,龍美,1090.0,120.654417,23.406728,嘉義縣,番路鄉公興村隆美地區(舊地名為瀨頭)私人茶園內,1988/10/07,,本站於 2013/4/27 進行儀器汰換，並於2013/8/1完成驗收。,,
C1M400,菜瓜坪,369.0,120.576103,23.251928,嘉義縣,大埔鄉西興村,1988/10/07,,本站於 2013/4/18 進行儀器汰換，並於2013/8/1完成驗收。,,
C1M480,獨立山,840.0,120.60779699999999,23.537022,嘉義縣,竹崎鄉(獨立山三角點旁),1992/12/31,,原名為樟腦寮，於2015/7/15更名為獨立山。本站於2015/7/13起進行儀器汰換，並於2015/12/31完成驗收。,,
C1M600,頭凍,986.0,120.60333899999999,23.406364,嘉義縣,番路鄉阿里山公路23k處轉入興社產業道路盡頭,2002/04/11,,本站於2015/7/2起進行儀器汰換，並於2015/12/31完成驗收。,,
C1M610,石磐龍,1083.0,120.66350600000001,23.496606,嘉義縣,竹崎鄉光華村,2002/04/10,,本站於2015/6/11起進行儀器汰換，並於2015/12/31完成驗收。,,
C1M620,瑞里,1252.0,120.675197,23.545133,嘉義縣,梅山鄉瑞里派出所旁小路至站址(公墓旁)車程約10分鐘,2002/04/17,,本站於2015/7/6起進行儀器汰換，並於2015/12/31完成驗收。,,
C1M640,十字,1567.0,120.75368300000001,23.492153,嘉義縣,阿里山鄉十字村16號（十字國小樓頂）,2019/01/01,,,,
C1N001,沙崙,24.0,120.30940600000001,22.935472,臺南市,歸仁區沙崙里184號北沙崙農場,2013/08/01,,原(C1N000)站因儀器汰換，於2013/8/1更變為(C1N001)站。,C1N000,
C1O850,環湖,44.0,120.41863300000001,23.148617,臺南市,大內區頭社里10號(大內國小鳴頭分校內),1988/10/07,,本站於 2013/4/26 進行儀器汰換，並於2013/8/1完成驗收。,,
C1O870,大棟山,1249.0,120.52226,23.31157,臺南市,白河區大棟山三角點,1988/10/07,,,,
C1O880,關山,223.0,120.59409199999999,23.173397,臺南市,南化區關山里西阿里山關83號(瑞峰國小附近),1988/10/07,,本站於 2013/4/16 進行儀器汰換，並於2013/8/1完成驗收。,,
C1O921,楠西,115.0,120.48408300000001,23.183511,臺南市,楠西區中興路107號(楠西國民中學內),2013/04/18,,原(C1O920)站因儀器汰換，於2013/4/18更變為(C1O921)站。,C1O920,
C1R110,口社,110.0,120.645222,22.770111,屏東縣,三地門鄉口社村5鄰信義巷58-5號,1992/01/22,,本站於2013/9/3進行儀器汰換，並於2013/12/1完成驗收。,,
C1R120,上德文,820.0,120.70444199999999,22.763272,屏東縣,三地門鄉德文村口之公墓旁,1992/01/22,,本站於 2013/6/5 進行儀器汰換，並於2013/8/1完成驗收。,,
C1R250,力里,92.0,120.629228,22.428117,屏東縣,春日鄉七佳村自強一路92號(力里國民小學內),1997/08/20,,本站因儀器汰換，自2013/8/27起暫停資料提供，並於2013/12/1完成驗收。,,
C1R290,石門山,260.0,120.756597,22.112610999999998,屏東縣,牡丹鄉石門古戰場(恆春事業區29林班地),1997/07/01,,本站於2019/09/08進行儀器汰換，於2019/11/28完成驗收。,,
C1R610,西大武山,1828.0,120.7322,22.617719,屏東縣,泰武鄉北大武山步道2.6k,2013/10/27,,,,
C1R630,龍泉,60.0,120.59091000000001,22.66701,屏東縣,內埔鄉大新路109號（屏東縣新生國民小學）,2018/08/11,,,,
C1S670,摩天,1580.0,121.027,23.199503,臺東縣,海端鄉(省道臺20線169K福德宮後方),1997/05/17,,本站於2019/4/17起進行儀器汰換，於2019/6/7完成驗收。,,
C1S800,華源,80.0,121.02325,22.657882999999998,臺東縣,太麻里鄉華源村,2004/04/12,,本站於2019/2/24起進行儀器汰換，於2019/6/7完成驗收。,,
C1S820,金峰,177.0,120.93323600000001,22.590969,臺東縣,金峰鄉嘉蘭村嘉蘭國小旁,2004/04/12,,本站於2019/3/6起進行儀器汰換，於2019/6/7完成驗收。,,
C1S850,豐南,489.0,121.26238899999998,23.122139,花蓮縣,富里鄉豐南村花82縣道盡頭叉路1k旁,2011/10/26,,本站於2019/4/20起進行儀器汰換，於2019/6/7完成驗收。,,
C1S860,利嘉,516.0,121.050528,22.809417,臺東縣,卑南鄉利嘉林道6k附近梅子園,2011/10/27,,本站於2019/2/22起進行儀器汰換，於2019/6/7完成驗收。,,
C1S870,南美山,222.0,121.382333,23.15025,臺東縣,成功鎮南美山產業道路盡頭柑橘園,2011/10/25,,本站於2019/3/28起進行儀器汰換，於2019/6/7完成驗收。,,
C1S880,壽卡,474.0,120.858903,22.238910999999998,臺東縣,達仁鄉(大武事業區第48林班內)電信轉播站後方,1997/05/05,,原(C1R310)站因縣市代碼不符，於2015/4/13重新編碼為(C1S880)站。本站於2019/09/17進行儀器汰換，於2019/11/28完成驗收。,C1R310,
C1SA50,利嘉林道,1235.0,121.00938899999998,22.82325,臺東縣,臺東縣卑南鄉利嘉林道17K處,2020/04/09,,,,
C1SA70,都蘭,62.0,121.226881,22.87794,臺東縣,東河鄉都蘭村431號(都蘭國民小學教室頂樓),2019/06/07,,原(C1S630)站因移位，於2019/6/7更變為(C1SA70)站。,C1S630,
C1T800,洛韶,1260.0,121.453956,24.204558,花蓮縣,秀林鄉富世村中橫公路洛韶11號旁,1995/06/27,,本站於2017/9/21起進行儀器汰換，於2017/12/1完成驗收。,,
C1T810,慈恩,2049.0,121.38838600000001,24.192044,花蓮縣,秀林鄉富世村關原路3號(救國團慈恩山莊),1995/06/27,,本站於2017/9/26 進行儀器汰換，於2017/12/1完成驗收。,,
C1T830,布洛灣,675.0,121.57127,24.17184,花蓮縣,秀林鄉布洛灣地區(布洛灣遊客中心圓環之廣場旁邊),1995/06/27,,本站於2017/9/15起進行儀器汰換，於2017/12/1完成驗收。,,
C1T920,中興,68.0,121.498653,23.769503,花蓮縣,壽豐鄉中興大橋橋頭旁,1995/04/01,,本站於2017/4/13起進行儀器汰換，於2017/12/1完成驗收。,,
C1T940,大觀,539.0,121.37313300000001,23.714206,花蓮縣,萬榮鄉(往臺16線過管制哨約12k處),1995/04/23,,本站於2017/5/9起進行儀器汰換，於2017/6/3完成驗收。,,
C1T950,太安,1050.0,121.37012800000001,23.666719,花蓮縣,萬榮鄉太田事業區128林班地(馬太鞍苗圃),1995/04/19,,本站於2017/4/17起進行儀器汰換，於2017/6/3完成驗收。,,
C1T970,大農,183.0,121.413331,23.615233,花蓮縣,光復鄉花蓮糖廠之大農農場內(大農段691號),1995/04/23,,本站於2017/4/29起進行儀器汰換，於2017/6/3完成驗收。,,
C1T980,龍澗,1306.0,121.411328,24.023289000000002,花蓮縣,秀林鄉龍澗發電廠旁,1995/04/01,,本站於2017/8/8起進行儀器汰換，於2017/12/1完成驗收。,,
C1T990,高寮,128.0,121.356808,23.394239000000002,花蓮縣,玉里鎮觀音里15鄰9號(觀音國民小學校園內),1997/04/19,,本站於2017/8/16起進行儀器汰換，於2017/12/1完成驗收。,,
C1TA00,太魯閣,94.0,121.6236,24.157729999999997,花蓮縣,秀林鄉富世291號（太魯閣國家公園管理處內）,2018/08/06,,,,
C1U501,牛鬥,280.0,121.573656,24.637836,宜蘭縣,大同鄉牛鬥地區,1995/05/19,,原(C1U500)站因儀器汰換，於1996/1/1更變為(C1U501)站。本站於2017/11/8進行儀器汰換，於2018/3/23完成驗收。,C1U500,
C1U670,寒溪,105.0,121.71691000000001,24.634,宜蘭縣,冬山鄉大進村大進七路51號(大進國民小學校園內),1995/05/19,,本站於2017/10/11進行儀器汰換，於2017/12/1完成驗收。,,
C1U690,新寮,101.0,121.751267,24.625560999999998,宜蘭縣,冬山鄉中山瀑布附近,1995/05/19,,本站於2017/10/11進行儀器汰換，於2017/12/1完成驗收。,,
C1U830,烏石鼻,618.0,121.83938300000001,24.482681,宜蘭縣,蘇澳鎮之烏石鼻(南澳事業區第10鄰班地上),2010/12/26,,本站於2017/12/20進行儀器汰換，於2018/3/23完成驗收。,,
C1U840,東澳嶺,750.0,121.8485,24.5378,宜蘭縣,南澳鄉,2011/06/09,,本站於2017/12/18進行儀器汰換，於2018/3/23完成驗收。,,
C1U850,觀音海岸,665.0,121.77856000000001,24.38319,宜蘭縣,南澳鄉之林務局羅東林區管理處和平事業區91林班,2011/06/09,,本站於2017/10/26進行儀器汰換，於2017/12/1完成驗收。,,
C1U880,北關,8.0,121.87188,24.90651,宜蘭縣,頭城鎮濱海路三段(北關梗枋漁港北側路邊),2017/12/01,,原(C1U580)站因移位，於2017/12/1變更為(C1U880)站。,C1U580,
C1U920,思源,2085.0,121.347214,24.393125,宜蘭縣,大同鄉與臺中市和平區交界之羅葉尾山步道邊(大甲溪事業區40林班內),2018/03/23,,,,
C1V160,達卡努瓦,1040.0,120.70531899999999,23.279811,高雄市,那瑪夏區達卡努瓦里,1992/01/21,,原名為民生(達卡努瓦)，於2015/10/13更名為達卡努瓦。本站於2015/10/13起進行儀器汰換，並於2015/12/31完成驗收。,,
C1V170,排雲,3690.0,120.95414699999999,23.463619,高雄市,桃源區排雲山莊往南峰方向步行約6小時(登山口-8.5k排雲山莊-1.5k測站),1992/02/01,,本站於2015/11/3起進行儀器汰換，並於2015/12/31完成驗收。,,
C1V190,南天池,2700.0,120.91176000000002,23.27403,高雄市,桃源區長春祠旁之步道步行約50分鐘,1992/01/21,,本站於2015/10/26起進行儀器汰換，並於2015/12/31完成驗收。,,
C1V200,梅山,870.0,120.82355600000001,23.268447000000002,高雄市,桃源區梅山里(梅山口遊客中心旁道路步行約10分鐘),1992/01/21,,本站於2013/2/27進行儀器汰換，並於2013/4/18完成驗收。,,
C1V220,小關山,1781.0,120.813603,23.154217000000003,高雄市,桃源區老濃溪事業區99林班地,1992/01/22,,本站於2013/2/26進行儀器汰換，並於2013/4/18完成驗收。,,
C1V231,高中,731.0,120.716711,23.134911,高雄市,桃源區高中里,2013/04/18,,原(C1V230)站因儀器汰換，於2013/4/18更變為(C1V231)站。,C1V230,
C1V300,御油山,1637.0,120.715364,23.001983,高雄市,桃源區農業委員會林業試驗所六龜分所鳳崗山苗圃觀測坪內,1992/01/22,,本站於2013/10/2進行儀器汰換，並於2013/12/1完成驗收。,,
C1V340,大津,190.0,120.64598600000001,22.888322,高雄市,六龜區大津里34號(龍興國小大津分校),1992/01/22,,本站於2013/8/10進行儀器汰換，並於2013/12/1完成驗收。,,
C1V390,尖山,60.0,120.36778899999999,22.813153,高雄市,燕巢區尖山里尖山巷11之1號(燕巢國小尖山分校),1992/01/22,,本站於2013/9/3進行儀器汰換，並於2013/12/1完成驗收。,,
C1V570,吉東,82.0,120.5454,22.85422,高雄市,美濃區吉東里吉頂路19號(吉東國小),2013/05/16,,,,
C1V580,溪南(特生中心),1656.0,120.788475,23.084972,高雄市,桃源區石山林道7k(特有生物研究保育中心中海拔試驗站),2013/02/26,,,,
C1V590,新發,741.0,120.646064,23.057019,高雄市,六龜區旗山事業區61林班地,2013/09/28,,,,
C1V600,藤枝,1561.0,120.757042,23.071960999999998,高雄市,桃源區藤枝森林遊樂區遊客中心,2013/02/22,,,,
C1V780,多納林道,1050.0,120.737917,22.888028,高雄市,茂林區多納林道9k(林試所六龜研究中心多納苗圃),2013/10/17,,,,
C1X040,東原,232.0,120.463822,23.291597,臺南市,東山區高原里4鄰31號後方果園,1992/12/11,,本站於2015/6/30起進行儀器汰換，並於2015/12/31完成驗收。,,
C1Z030,紅葉,218.0,121.338806,23.493119,花蓮縣,萬榮鄉紅葉村教堂附近,1997/04/19,,本站於2017/8/6起進行儀器汰換，於2017/12/1完成驗收。,,
C1Z040,立山,434.0,121.327375,23.443356,花蓮縣,卓溪鄉立山村後山上,1997/04/19,,本站於2017/8/19起進行儀器汰換，於2017/12/1完成驗收。,,
C1Z110,三棧,680.0,121.60501000000001,24.11557,花蓮縣,秀林鄉雙露山,2017/12/01,,原(C1Z090)站因移位，於2017/12/1變更為(C1Z110)站。,C1Z090,
C1Z120,壽豐,62.0,121.508081,23.870853,花蓮縣,壽豐鄉壽豐村壽山路37號(壽豐鄉文康中心),2017/06/03,,原(C1T890)站因移位，於2017/6/3變更為(C1Z120)站。,C1T890,
C1Z130,銅門,187.0,121.492842,23.965694,花蓮縣,秀林鄉銅門村69號(銅門國小),2017/06/03,,原(C1T860)站因移位，於2017/6/3變更為(C1Z130)站。,C1T860,
C1Z140,荖溪,950.0,121.45964,23.890575,花蓮縣,秀林鄉,2018/03/23,,,,
C1Z240,中平林道,1163.0,121.26763000000001,23.42115,花蓮縣,卓溪鄉中平林道(玉里林道)約15K鐵牌處步行上山高地,2017/12/01,,,,
